species,basis,frozen,r_A,e_hf,e_ccsd_corr,e_t,status,wall_s
OH,cc-pvtz-dk,fc,0.940,-75.46661472843516,-0.2171050889527084,-0.005040858143071659,ok,3.5
OH,cc-pvtz-dk,fc,0.955,-75.4667122655041,-0.21764322875256265,-0.005098251905027892,ok,3.1
OH,cc-pvtz-dk,fc,0.970,-75.46635057428914,-0.21818766686472146,-0.005156651225921131,ok,2.9
OH,cc-pvtz-dk,fc,0.985,-75.46557431853883,-0.21873839912847345,-0.005216094279715332,ok,3.2
OH,cc-pvtz-dk,fc,1.000,-75.46442414918111,-0.21929544189822844,-0.005276618649851582,ok,3.2
HOCl,cc-pvtz-dk,fc,eq,-536.379662604838,-0.45798604043149155,-0.01810197505481793,ok,4.5
HOBr,cc-pvtz-dk,fc,eq,-2679.9145015084914,-0.42880783325668803,-0.016724360963869634,ok,4.6
HOI,cc-pvtz-dk,fc,eq,-7188.170399770435,-0.4055495502418531,-0.015960271002897142,ok,7.6
Cl,cc-pvtz-dk,fc,atom,-460.88916993958276,-0.1862597606758494,-0.0056910788244012855,ok,2.3
Br,cc-pvtz-dk,fc,atom,-2604.4284591276864,-0.15685007421380914,-0.00451134427412086,ok,2.8
I,cc-pvtz-dk,fc,atom,-7112.6821365979395,-0.13569564884134266,-0.004090191852147329,ok,3.9
OH,cc-pvtz-dk,ae,0.940,-75.46661472843508,-0.22944732131729145,-0.005155969726674008,ok,3.1
OH,cc-pvtz-dk,ae,0.955,-75.46671226550411,-0.22993824975555438,-0.005214301504056534,ok,3.0
OH,cc-pvtz-dk,ae,0.970,-75.46635057428908,-0.23043630207737914,-0.0052736821175278685,ok,3.1
OH,cc-pvtz-dk,ae,0.985,-75.46557431853878,-0.23094128437347106,-0.005334148834286749,ok,3.2
OH,cc-pvtz-dk,ae,1.000,-75.46442414918106,-0.23145307768643783,-0.005395738493638566,ok,3.2
HOCl,cc-pvtz-dk,ae,eq,-536.3796626048378,-0.5022623424414746,-0.019002357406037902,ok,5.4
HOBr,cc-pvtz-dk,ae,eq,-2679.9145015084923,-0.5420594540876136,-0.020571605683556295,ok,10.4
HOI,cc-pvtz-dk,ae,eq,-7188.170399770426,-0.5190003597949133,-0.019182759569631946,ok,21.2
Cl,cc-pvtz-dk,ae,atom,-460.88916993958196,-0.21695945611120723,-0.00633732899908455,ok,2.4
Br,cc-pvtz-dk,ae,atom,-2604.4284591276887,-0.2551511337469591,-0.007935279635885842,ok,4.8
I,cc-pvtz-dk,ae,atom,-7112.68213659793,-0.23409899072572002,-0.006781347268797189,ok,6.3
OH,cc-pvqz-dk,fc,0.940,-75.47320208962523,-0.2335382022538319,-0.006112298140530047,ok,6.6
OH,cc-pvqz-dk,fc,0.955,-75.47326712849241,-0.23405477236366032,-0.006179029535051793,ok,6.6
OH,cc-pvqz-dk,fc,0.970,-75.47287543159949,-0.23457846235912772,-0.006246861631274453,ok,6.7
OH,cc-pvqz-dk,fc,0.985,-75.47207138770453,-0.23510927641299242,-0.006315791625293599,ok,6.5
OH,cc-pvqz-dk,fc,1.000,-75.47089540381404,-0.23564724608280502,-0.0063858560782865965,ok,6.7
HOCl,cc-pvqz-dk,fc,eq,-536.3912324956813,-0.4936335969713608,-0.021405015348096152,ok,11.4
HOBr,cc-pvqz-dk,fc,eq,-2679.929015712776,-0.46318540007838577,-0.019725405155362592,ok,12.8
HOI,cc-pvqz-dk,fc,eq,-7188.180374581654,-0.4392204234842877,-0.018961346475734105,ok,15.3
Cl,cc-pvqz-dk,fc,atom,-460.8931818163825,-0.2027019931203672,-0.0073198096199917646,ok,3.1
Br,cc-pvqz-dk,fc,atom,-2604.435406199603,-0.1720642842048365,-0.005808018042220804,ok,3.6
I,cc-pvqz-dk,fc,atom,-7112.683576438179,-0.15031401840865455,-0.005377528172940344,ok,6.1
OH,cc-pvqz-dk,ae,0.940,-75.47320208962529,-0.2639461456105072,-0.006345353679743607,ok,7.6
OH,cc-pvqz-dk,ae,0.955,-75.47326712849252,-0.26441224617369435,-0.006413748802633426,ok,6.5
OH,cc-pvqz-dk,ae,0.970,-75.47287543159955,-0.26488887916360143,-0.006483305401509099,ok,7.4
OH,cc-pvqz-dk,ae,0.985,-75.47207138770435,-0.26537578225039116,-0.006554028611579599,ok,7.6
OH,cc-pvqz-dk,ae,1.000,-75.4708954038141,-0.2658726769081027,-0.006625953263463814,ok,7.7
HOCl,cc-pvqz-dk,ae,eq,-536.391232495682,-0.5850420908698637,-0.022908146942475165,ok,19.8
HOBr,cc-pvqz-dk,ae,eq,-2679.929015712777,-0.681022049187261,-0.02544412948099766,ok,60.4
HOI,cc-pvqz-dk,ae,eq,-7188.180374581658,-0.6572795047526029,-0.02448882790361199,ok,102.8
Cl,cc-pvqz-dk,ae,atom,-460.8931818163831,-0.2630296568567561,-0.008374789149137288,ok,4.0
Br,cc-pvqz-dk,ae,atom,-2604.435406199605,-0.3572216127708422,-0.01086373796412113,ok,10.0
I,cc-pvqz-dk,ae,atom,-7112.683576438185,-0.3352954407163902,-0.010059246296008998,ok,22.4
