molecule,basis,spin,root,omega_eV,nm,sym,w1,excitation,t1_diag,wall_s
HOCl,cc-pvtz-dk,singlet,0,4.4019,281.7,"A""",0.95,"H-0 (A"") -> L+0 (A')",0.0072,19.8
HOCl,cc-pvtz-dk,singlet,1,5.5269,224.3,A',0.945,H-1 (A') -> L+0 (A'),0.0072,19.9
HOCl,cc-pvtz-dk,singlet,2,7.9198,156.5,"A""",0.919,"H-3 (A"") -> L+0 (A')",0.0072,19.9
HOCl,cc-pvtz-dk,singlet,3,8.212,151.0,"A""",0.95,"H-0 (A"") -> L+1 (A')",0.0072,19.9
HOCl,cc-pvtz-dk,singlet,4,9.6091,129.0,A',0.943,H-1 (A') -> L+1 (A'),0.0072,19.9
HOCl,cc-pvtz-dk,singlet,5,9.9205,125.0,A',0.917,H-2 (A') -> L+0 (A'),0.0072,19.9
HOCl,cc-pvtz-dk,triplet,6,3.4728,357.0,"A""",0.948,"H-0 (A"") -> L+0 (A')",0.0072,28.1
HOCl,cc-pvtz-dk,triplet,7,4.5362,273.3,A',0.951,H-1 (A') -> L+0 (A'),0.0072,28.1
HOCl,cc-pvtz-dk,triplet,8,7.1269,174.0,"A""",0.935,"H-3 (A"") -> L+0 (A')",0.0072,28.1
HOCl,cc-pvtz-dk,triplet,9,7.4153,167.2,A',0.956,H-2 (A') -> L+0 (A'),0.0072,28.1
HOCl,cc-pvtz-dk,triplet,10,7.9233,156.5,"A""",0.939,"H-0 (A"") -> L+1 (A')",0.0072,28.1
HOCl,cc-pvtz-dk,triplet,11,9.3036,133.3,A',0.934,H-1 (A') -> L+1 (A'),0.0072,28.1
HOBr,cc-pvtz-dk,singlet,0,3.6961,335.4,"A""",0.949,"H-0 (A"") -> L+0 (A')",0.0063,49.2
HOBr,cc-pvtz-dk,singlet,1,4.5909,270.1,A',0.944,H-1 (A') -> L+0 (A'),0.0063,49.2
HOBr,cc-pvtz-dk,singlet,2,6.7345,184.1,"A""",0.913,"H-3 (A"") -> L+0 (A')",0.0063,49.2
HOBr,cc-pvtz-dk,singlet,3,8.0685,153.7,"A""",0.95,"H-0 (A"") -> L+1 (A')",0.0063,49.2
HOBr,cc-pvtz-dk,singlet,4,8.9436,138.6,A',0.903,H-2 (A') -> L+0 (A'),0.0063,49.2
HOBr,cc-pvtz-dk,singlet,5,9.1854,135.0,A',0.943,H-1 (A') -> L+1 (A'),0.0063,49.2
HOBr,cc-pvtz-dk,triplet,6,2.8697,432.0,"A""",0.949,"H-0 (A"") -> L+0 (A')",0.0063,68.0
HOBr,cc-pvtz-dk,triplet,7,3.713,333.9,A',0.952,H-1 (A') -> L+0 (A'),0.0063,68.0
HOBr,cc-pvtz-dk,triplet,8,6.0678,204.3,"A""",0.932,"H-3 (A"") -> L+0 (A')",0.0063,68.0
HOBr,cc-pvtz-dk,triplet,9,6.3203,196.2,A',0.957,H-2 (A') -> L+0 (A'),0.0063,68.0
HOBr,cc-pvtz-dk,triplet,10,7.7913,159.1,"A""",0.937,"H-0 (A"") -> L+1 (A')",0.0063,68.0
HOBr,cc-pvtz-dk,triplet,11,8.9501,138.5,A',0.932,H-1 (A') -> L+1 (A'),0.0063,68.0
HOI,cc-pvtz-dk,singlet,0,3.1611,392.2,"A""",0.95,"H-0 (A"") -> L+0 (A')",0.006,94.3
HOI,cc-pvtz-dk,singlet,1,3.8193,324.6,A',0.947,H-1 (A') -> L+0 (A'),0.006,94.3
HOI,cc-pvtz-dk,singlet,2,6.1026,203.2,"A""",0.914,"H-3 (A"") -> L+0 (A')",0.006,94.3
HOI,cc-pvtz-dk,singlet,3,7.8309,158.3,"A""",0.949,"H-0 (A"") -> L+1 (A')",0.006,94.4
HOI,cc-pvtz-dk,singlet,4,8.0804,153.4,A',0.89,H-2 (A') -> L+0 (A'),0.006,94.4
HOI,cc-pvtz-dk,singlet,5,8.6169,143.9,A',0.943,H-1 (A') -> L+1 (A'),0.006,94.4
HOI,cc-pvtz-dk,triplet,6,2.4151,513.4,"A""",0.951,"H-0 (A"") -> L+0 (A')",0.006,151.1
HOI,cc-pvtz-dk,triplet,7,2.9832,415.6,A',0.955,H-1 (A') -> L+0 (A'),0.006,151.2
HOI,cc-pvtz-dk,triplet,8,5.4918,225.8,"A""",0.929,"H-3 (A"") -> L+0 (A')",0.006,151.2
HOI,cc-pvtz-dk,triplet,9,5.6876,218.0,A',0.952,H-2 (A') -> L+0 (A'),0.006,151.2
HOI,cc-pvtz-dk,triplet,10,7.5828,163.5,"A""",0.934,"H-0 (A"") -> L+1 (A')",0.006,151.2
HOI,cc-pvtz-dk,triplet,11,8.4069,147.5,A',0.932,H-1 (A') -> L+1 (A'),0.006,151.2
