r_ox_A,ncas,nelecas,conv_cas,proj_last_in,proj_first_out,e_soc0_Ha,e_sf0_Ha,dE_1,dE_2,dE_3,dE_4,dE_5,dE_6,dE_7,dE_8,f_1,f_2,f_3,f_4,f_5,f_6,f_7,f_8,sf_1,sf_2,sf_3,sf_4,sf_5,status,wall_s
1.75,7,12,False,0.3282,0.0,-7188.63320059249,-7188.632001301586,3.11564,3.117946,3.168703,3.575969,3.833648,3.861594,4.114202,4.616646,3.1947271768557447e-06,3.2548366845363364e-06,0.0005020823060105435,0.0034585859908877353,1.0733677453625781e-06,7.701207546753873e-06,0.008976289192853504,0.024125890206859492,3.191723,3.71323,3.941328,4.557595,7.868341,ok,325.3
1.8,7,12,False,0.2989,0.0,-7188.647209925553,-7188.645835439646,2.966299,2.969076,3.021788,3.419259,3.665705,3.698751,3.975215,4.469316,1.1086198722926411e-06,9.615465687010102e-07,0.00041067992393004266,0.0024741477154233593,5.932438024559596e-07,3.003013981895441e-06,0.007483173384489712,0.02028660538815455,3.040447,3.539247,3.812692,4.407086,7.623337,ok,282.4
1.85,7,12,False,0.2709,0.0,-7188.656402513797,-7188.654852550212,2.811711,2.814414,2.869068,3.258305,3.49371,3.532751,3.827027,4.314122,2.995960550227605e-07,2.2636562351985574e-07,0.0003255227362474915,0.0017092842502310379,3.105573951221194e-07,1.2552212512593206e-06,0.005872108671416916,0.01663649680473594,2.882931,3.362838,3.673198,4.249443,7.215696,ok,312.1
1.9,7,12,False,0.2445,0.0,-7188.661491225994,-7188.659772801991,2.658163,2.660717,2.716132,3.10015,3.326185,3.371479,3.671963,4.155555,9.02221751039345e-07,1.145452034227812e-08,0.0002513485038906724,0.0011872169759791096,1.5001008644589672e-07,2.5695608481852035e-06,0.004364431712138903,0.013368576502295938,2.725226,3.19342,3.523887,4.089799,6.660629,ok,284.0
1.95,7,12,False,0.2199,0.0,-7188.663326780975,-7188.661449735939,2.506666,2.509176,2.563701,2.945931,3.164682,3.216009,3.50849,3.991459,2.596338629860104e-06,2.4029083270046236e-08,0.00018915685788945072,0.0008447095157907875,7.083875967150673e-08,6.688041573112604e-06,0.0030877562868323236,0.010496071919915697,2.568447,3.032834,3.363204,3.926426,6.108463,ok,273.8
1.9907,7,12,False,0.2013,0.0,-7188.6630385485805,-7188.661038595855,2.383421,2.386023,2.438653,2.821586,3.035718,3.09167,3.368357,3.850792,4.409699671051956e-06,8.634540466306934e-08,0.0001465037002352265,0.0006494208041857482,3.9397843591805806e-08,1.1771926176878405e-05,0.0022457954399162806,0.008414370519373798,2.440264,2.906532,3.22368,3.787815,5.672901,ok,312.0
2.0,7,12,True,0.1972,0.0,-7188.6626659207495,-7188.66063900078,2.355902,2.358545,2.410562,2.793695,3.00726,3.064253,3.335093,3.817215,4.740666605982553e-06,1.0296279206983908e-07,0.0001391522916192,0.0006193360195782216,3.616244781919251e-08,1.2838936142523331e-05,0.002089249483859243,0.00803342112306337,2.411577,2.878958,3.190064,3.754918,5.574072,ok,275.7
2.05,7,12,False,0.1762,0.0,-7188.6602974701655,-7188.658125068139,2.203565,2.206567,2.254957,2.639816,2.849657,2.911984,3.152457,3.629443,6.933825309575172e-06,1.6587178377707731e-07,9.916708439302029e-05,0.0004580826448852332,2.0504308948051127e-08,2.0470471732697063e-05,0.0013458941851520443,0.0059265912631780064,2.252781,2.72694,3.006276,3.571961,5.065192,ok,316.3
2.1,7,12,False,0.1571,0.0,-7188.656412626415,-7188.654096502675,2.051289,2.054927,2.098896,2.483675,2.691871,2.759312,2.961614,3.425765,8.549963344599019e-06,2.0063476709321375e-07,7.086556084184536e-05,0.00034956608487278273,1.541224715725118e-08,2.7943587076776905e-05,0.0008394451830906323,0.004307248156646382,2.094199,2.576485,2.812743,3.375311,4.581932,ok,316.7
2.15,7,12,False,0.1397,0.0,-7188.651861898737,-7188.649396253542,1.896515,1.901119,1.940501,2.321991,2.528664,2.600882,2.765937,3.207922,9.865638889220048e-06,1.9931501352729776e-07,4.8857115401150336e-05,0.00025776085149752684,1.2315418274250361e-08,3.578291841283323e-05,0.0004926751518467761,0.002981572163857614,1.933577,2.421585,2.615081,3.166522,4.130463,ok,317.7
2.2,7,12,False,0.1241,0.0,-7188.646495568066,-7188.643873463856,1.74421,1.750166,1.784808,2.157746,2.363901,2.440425,2.567309,2.977927,1.032381256918635e-05,1.8773601142865984e-07,3.45214971244722e-05,0.00019343659057837088,1.3110302618039375e-08,4.207180726410492e-05,0.0002809380714501866,0.0020490875946526195,1.776187,2.266271,2.414616,2.947711,3.707963,ok,313.1
2.25,7,12,False,0.11,0.0,-7188.641016476755,-7188.638223626899,1.592135,1.599849,1.629973,1.989848,2.193818,2.273651,2.368347,2.740827,1.041245083596723e-05,1.6070231555653872e-07,2.372619674446149e-05,0.0001368471577665396,1.262477142324889e-08,4.730060271780039e-05,0.00014914166058873528,0.0013364652156302012,1.619768,2.106103,2.216638,2.72339,3.317556,ok,306.1
2.3,7,12,False,0.0974,0.0,-7188.635383806741,-7188.632403913612,1.443932,1.453829,1.479567,1.821821,2.022054,2.103587,2.170809,2.50102,9.960590532876403e-06,1.320946586805615e-07,1.6439008264746702e-05,9.411846551682476e-05,1.224250415846832e-08,5.016768298418226e-05,7.470079133118722e-05,0.000846219479717429,1.467981,1.944814,2.022855,2.497685,2.957231,ok,304.9
2.35,7,12,False,0.0861,0.0,-7188.629693475279,-7188.626509290122,1.302501,1.315004,1.336405,1.657022,1.851918,1.932684,1.977044,2.263723,9.033464253024515e-06,1.0710560582469267e-07,1.1735903504263244e-05,6.426570158882697e-05,1.235481527204161e-08,5.0065257735185884e-05,3.546531866202978e-05,0.0005281110820963182,1.323683,1.785719,1.835612,2.275315,2.627026,ok,304.8
2.4,7,12,False,0.0761,0.0,-7188.624259017924,-7188.6208478503,1.166565,1.182044,1.199291,1.496186,1.682856,1.759742,1.788332,2.03299,7.963245636027885e-06,8.264045339070834e-08,8.308557095265012e-06,4.158194407392856e-05,9.880022009644488e-09,4.684037765288934e-05,1.5233258475927254e-05,0.0003152934668289696,1.1854,1.62756,1.65726,2.059577,2.325547,ok,305.9
2.45,7,12,False,0.0673,0.0,-7188.619000296604,-7188.615340763423,1.039112,1.057907,1.070981,1.342665,1.51936,1.588862,1.606874,1.812626,6.765125421402656e-06,6.220173403364623e-08,5.9921903604462345e-06,2.6541147369798177e-05,7.212801184121872e-09,4.0806212004302414e-05,5.867325286599676e-06,0.00018573727143095104,1.05601,1.474969,1.488576,1.853759,2.051856,ok,302.0
2.5,7,12,False,0.0594,0.0,-7188.614070407379,-7188.610138986827,0.920004,0.942364,0.951335,1.197446,1.362483,1.421567,1.434265,1.605381,5.587470048330375e-06,4.5004567820297e-08,4.323526405413061e-06,1.6442521891058706e-05,3.6124511236260363e-09,3.2982995691134885e-05,1.8842115486960852e-06,0.00010748160120606923,0.935251,1.328327,1.330754,1.659783,1.804452,ok,306.2
2.55,7,12,False,0.0524,0.0,-7188.609559330755,-7188.605331357737,0.809385,0.835422,0.840464,1.061537,1.213684,1.260497,1.272149,1.413308,4.50819875632793e-06,3.1256964906214446e-08,3.084963133745228e-06,9.802740392110384e-06,3.628916110166614e-10,2.481265266161102e-05,4.2872038725031975e-07,6.107029784490184e-05,0.823142,1.184614,1.188503,1.479087,1.581638,ok,300.2
2.6,7,12,False,0.0463,0.0,-7188.605323669547,-7188.600779447901,0.708809,0.738583,0.739661,0.936351,1.07565,1.109334,1.121829,1.237571,3.5256260657582535e-06,2.02492766598385e-08,2.216924150746379e-06,5.859355998181657e-06,7.169571156686522e-10,1.767868984763188e-05,3.5139067369328864e-08,3.515540046189261e-05,0.721151,1.049423,1.058698,1.312441,1.382337,ok,302.5
2.65,7,12,False,0.0409,0.0,-7188.601320511994,-7188.596445970992,0.618687,0.649154,0.652199,0.822627,0.949434,0.970382,0.984493,1.078902,2.6680697360558388e-06,1.5973006699157628e-06,1.143070830800312e-08,3.529586401297902e-06,7.637582235006607e-09,1.2054677226546367e-05,1.3551847634182123e-08,2.0657806327170803e-05,0.6296,0.925006,0.940438,1.160377,1.205593,ok,303.2
2.7,7,12,False,0.0361,0.0,-7188.597858390946,-7188.592633944569,0.536632,0.566876,0.573493,0.719016,0.832897,0.843219,0.860718,0.936845,1.988117493255823e-06,1.115316697442479e-06,5.681012477938382e-09,2.0290774958114605e-06,3.295190996320464e-08,7.91884473405172e-06,7.651109991046825e-08,1.1832759581326729e-05,0.54606,0.812546,0.830203,1.022499,1.048389,ok,299.1
