r_ox_A,theta_deg,ncas,nelecas,conv_cas,proj_last_in,proj_first_out,e_soc0_Ha,e_sf0_Ha,dE_1,dE_2,dE_3,dE_4,dE_5,dE_6,dE_7,dE_8,f_1,f_2,f_3,f_4,f_5,f_6,f_7,f_8,sf_1,sf_2,sf_3,sf_4,sf_5,status,wall_s
1.8,85.0,7,12,False,0.2892,0.0,-7188.6315537910505,-7188.630213393948,2.916274,2.918538,2.968629,3.369473,3.611652,3.645832,3.909131,4.412536,2.940811196439084e-07,6.432332658804693e-07,0.0003656465301186894,0.0021155629301328476,1.2932816502880986e-07,8.897589044551603e-07,0.006073603277369548,0.018860642027124522,2.987227,3.491178,3.747986,4.354365,7.55208,ok,342.5
1.9,85.0,7,12,False,0.2348,0.0,-7188.650376087494,-7188.648703477437,2.636264,2.638307,2.689049,3.087207,3.308821,3.355552,3.638422,4.132233,1.5361421573421995e-06,1.506870434630024e-08,0.00020372882809989183,0.0010038223389194994,4.47373192005179e-09,2.5794676507359294e-07,0.0033830398880769766,0.011385378952881357,2.698647,3.184084,3.490646,4.072076,6.690652,ok,333.6
2.0,85.0,7,12,False,0.1878,0.0,-7188.655309290555,-7188.653329906865,2.347757,2.349755,2.396443,2.798207,3.00946,3.068898,3.318921,3.807577,4.027229664297416e-06,1.6309150243743397e-07,0.00011071543382935567,0.0005155211441913546,1.526328537891706e-10,2.6091431839165297e-06,0.0015262496343805886,0.006586111849951406,2.398518,2.888964,3.171959,3.751762,5.626052,ok,332.8
2.1,85.0,7,12,False,0.1485,0.0,-7188.652125198003,-7188.6498489377755,2.049435,2.052186,2.091366,2.494661,2.704198,2.775728,2.958787,3.421857,6.433028340262012e-06,2.169065711119889e-07,5.9298607215326184e-05,0.00027997532077336985,3.4220907503869547e-10,7.874484687577252e-06,0.0005653880040747101,0.0035631960242619998,2.088015,2.594233,2.804798,3.377133,4.648161,ok,322.8
2.2,85.0,7,12,False,0.1164,0.0,-7188.644583149925,-7188.641990457731,1.747543,1.752197,1.783113,2.173095,2.384363,2.467174,2.579742,2.983915,7.79815756761175e-06,1.896461667918435e-07,3.1369706637119835e-05,0.00014457270719871063,3.6398943610338927e-13,1.498370735947498e-05,0.00016744238601711436,0.0017654861317568883,1.77585,2.288395,2.418561,2.956644,3.783766,ok,326.2
2.3,85.0,7,12,False,0.0908,0.0,-7188.635090547457,-7188.632135747466,1.456164,1.464152,1.487283,1.844979,2.05496,2.145845,2.200545,2.523533,7.691610959116463e-06,1.3536990146216443e-07,1.687746359771495e-05,6.813339598900217e-05,8.700556247066352e-10,2.1737872967926542e-05,3.7317485470318095e-05,0.0008103688797542352,1.477066,1.975163,2.03971,2.518679,3.037961,ok,319.4
2.4,85.0,7,12,False,0.0706,0.0,-7188.625098267187,-7188.6217133926475,1.18577,1.19858,1.214646,1.52606,1.726357,1.816219,1.833305,2.072693,6.449351732890945e-06,8.206041189470575e-08,9.18161718947666e-06,2.8423924719905248e-05,1.7329546321992886e-09,2.5173636230995437e-05,4.5803233325193984e-06,0.00033692183327753726,1.201916,1.663834,1.685885,2.092013,2.406233,ok,319.3
1.8,95.0,7,12,False,0.2941,0.0,-7188.642483843891,-7188.641131248363,2.958242,2.960754,3.011671,3.414978,3.662246,3.696112,3.96101,4.465967,5.682384961227401e-07,6.188056192542244e-07,0.00040374760940341487,0.0024484706634123024,2.9923465377887915e-07,2.7118259836392383e-06,0.006977728273569685,0.020399346034960995,3.030765,3.539229,3.796205,4.405828,7.624336,ok,337.8
1.9,95.0,7,12,False,0.2398,0.0,-7188.658782161861,-7188.657092818188,2.665167,2.667382,2.720361,3.114319,3.340348,3.386731,3.674548,4.169171,1.0552405456579026e-06,2.8717118468287806e-09,0.0002365590318481282,0.001165560195832825,5.092449987421273e-08,1.0892413956579521e-06,0.004011505003559089,0.012896138732570943,2.730125,3.211785,3.52461,4.10638,6.706051,ok,335.5
2.0,95.0,7,12,False,0.1926,0.0,-7188.661527339801,-7188.659531267238,2.370063,2.372219,2.421677,2.816135,3.030665,3.089336,3.347029,3.836064,4.078771801331263e-06,1.4584643015664166e-07,0.00012993149505963764,0.0006023306467987921,9.469316548203168e-09,6.005178998913652e-06,0.0018763802172654415,0.007587265328741178,2.423642,2.906186,3.199237,3.777126,5.629071,ok,325.1
2.1,95.0,7,12,False,0.153,0.0,-7188.656458218739,-7188.654170762031,2.069819,2.072765,2.114635,2.50929,2.720699,2.790742,2.981275,3.44517,6.962718809682296e-06,2.1812848807854595e-07,6.931635194113295e-05,0.00033884760596277234,5.0138696866109825e-09,1.504483925363168e-05,0.0007414681827885339,0.004137857936341374,2.111165,2.607542,2.827852,3.3973,4.642339,ok,326.5
2.2,95.0,7,12,False,0.1205,0.0,-7188.647532445058,-7188.644935744366,1.765519,1.770486,1.803802,2.184813,2.396028,2.47632,2.59576,3.001146,8.579977982455802e-06,1.89410775689548e-07,3.562045136875809e-05,0.00018215648995991595,6.472423123053735e-09,2.572069757628986e-05,0.00024047666965501129,0.002022204609650621,1.796494,2.298145,2.437042,2.971239,3.772749,ok,329.9
2.3,95.0,7,12,False,0.0943,0.0,-7188.63696001148,-7188.634006731946,1.469419,1.477922,1.503108,1.851985,2.059587,2.146546,2.208274,2.532168,8.450725362182095e-06,1.3048862793239563e-07,1.8221326231182046e-05,8.817269923550875e-05,9.088295301775416e-09,3.41034387585666e-05,6.165049734861803e-05,0.0008870389655249386,1.492945,1.979329,2.052237,2.525725,3.023101,ok,326.6
2.4,95.0,7,12,False,0.0736,0.0,-7188.626102841622,-7188.62272411147,1.194907,1.208498,1.226023,1.529009,1.725358,1.809602,1.833085,2.072757,6.948944145022834e-06,7.804912658636378e-08,9.647677630427794e-06,3.892105343826536e-05,9.822086495977035e-09,3.5869327952565785e-05,1.1210906950493205e-05,0.0003540625390706677,1.213577,1.664324,1.691908,2.092423,2.389286,ok,316.4
1.8,105.0,7,12,False,0.299,0.0,-7188.647367431083,-7188.645991619414,2.965531,2.968317,3.02115,3.418213,3.664383,3.697395,3.97493,4.468223,1.1108795496805948e-06,9.778669225375467e-07,0.00040939572531331647,0.0024631191985121305,5.9898640458599e-07,2.8862877348401986e-06,0.007494784003573933,0.020213489242844662,3.039756,3.53774,3.812758,4.405906,7.621838,ok,338.9
1.9,105.0,7,12,False,0.2447,0.0,-7188.661522567083,-7188.659802644628,2.657128,2.659699,2.715226,3.098726,3.324657,3.369904,3.671159,4.154056,9.051401654735974e-07,1.3107540101446128e-08,0.00025139716685608287,0.0011843465339946432,1.5420841543148594e-07,2.6424744344395494e-06,0.004371850938820125,0.013360003757725353,2.724275,3.191705,3.523264,4.088179,6.658124,ok,282.6
2.0,105.0,7,12,True,0.1973,0.0,-7188.662644993866,-7188.6606165052835,2.354607,2.357274,2.409397,2.792008,3.005431,3.06235,3.33394,3.815618,4.783287671843925e-06,1.0076284032466719e-07,0.00013917549997501357,0.0006178698863274095,3.7273001439352287e-08,1.3192761912154468e-05,0.0020934586646046654,0.00803379477155929,2.410356,2.87697,3.189118,3.753184,5.571203,ok,257.2
2.1,105.0,7,12,False,0.1572,0.0,-7188.656427770912,-7188.65410969915,2.049297,2.052968,2.097045,2.481564,2.689282,2.756594,2.960279,3.424449,8.710841734775457e-06,1.970752847450458e-07,7.014149245872516e-05,0.00034554431473293295,1.509031952587925e-08,2.878270547396711e-05,0.0008370219083147364,0.004277623357381019,2.092229,2.573762,2.811903,3.373872,4.579512,ok,327.0
2.2,105.0,7,12,False,0.1242,0.0,-7188.646535058894,-7188.643910510247,1.741483,1.747483,1.782233,2.155232,2.36053,2.436865,2.565504,2.976547,1.0544242955258374e-05,1.8353124409632807e-07,3.37272701546991e-05,0.0001890416664637096,1.1843689020055069e-08,4.309972511785652e-05,0.00027808051140441816,0.002015862201241502,1.773436,2.262777,2.413645,2.946264,3.705385,ok,324.3
2.3,105.0,7,12,False,0.0975,0.0,-7188.63516065573,-7188.632180632498,1.443528,1.453505,1.479162,1.820742,2.021192,2.102473,2.168724,2.499102,9.924479336160403e-06,1.347859845821484e-07,1.6653949101975347e-05,9.631473093036026e-05,1.3789922972191424e-08,5.072460967514403e-05,7.6016002562569e-05,0.0008565209317612081,1.467607,1.944327,2.020583,2.496038,2.95382,ok,317.5
2.4,105.0,7,12,False,0.0762,0.0,-7188.624126939622,-7188.620714163766,1.165008,1.180582,1.197762,1.494442,1.68074,1.757297,1.785891,2.030828,7.999776769658016e-06,8.295487723924417e-08,8.254132256776824e-06,4.1676496498960535e-05,9.969989691085017e-09,4.723245810244232e-05,1.532414221761942e-05,0.0003138010016300139,1.183802,1.625802,1.655159,2.057828,2.322379,ok,317.7
1.8,115.0,7,12,True,0.304,0.0,-7188.6478304555885,-7188.646406032945,2.930917,2.934122,2.99134,3.367239,3.606963,3.639102,3.946757,4.407882,1.6611699172048277e-06,1.777200092073876e-06,0.00039037107809226994,0.002147780488018471,9.69510114272676e-07,1.8886282616838007e-06,0.007764959382992666,0.0185332154696981,3.008671,3.473421,3.79439,4.342546,7.523727,ok,238.2
1.9,115.0,7,12,True,0.2496,0.0,-7188.660358190217,-7188.6585792068845,2.605556,2.608732,2.668602,3.030288,3.251619,3.295513,3.627233,4.080328,1.079306393369553e-06,1.3767322502083448e-07,0.00024646415866315114,0.0010317427020809205,2.9453163240929174e-07,5.643065006622089e-06,0.004486014496798016,0.012732675182257869,2.675903,3.111709,3.487001,4.010408,6.558205,ok,170.1
2.0,115.0,7,12,False,0.2019,0.0,-7188.66014676191,-7188.658058368359,2.296125,2.299698,2.355523,2.717994,2.925509,2.980009,3.279731,3.741586,6.382768682399982e-06,3.715637866073176e-08,0.0001360164979537365,0.0005382447258127677,7.230846677405452e-08,2.755486904250406e-05,0.002146233153376703,0.007853485864732012,2.354343,2.791544,3.143076,3.674537,5.461152,ok,280.9
2.1,115.0,7,12,True,0.1613,0.0,-7188.652700972729,-7188.650328433392,1.988442,1.993432,2.039708,2.408895,2.608317,2.671641,2.894364,3.356466,1.1459293409694852e-05,1.5602917465631646e-07,6.473264723031398e-05,0.00030968208286306795,2.4819752127358723e-08,5.233903578669637e-05,0.0008606783402676776,0.0041613591484799695,2.032468,2.490696,2.755276,3.302888,4.460014,ok,321.7
2.2,115.0,7,12,False,0.1277,0.0,-7188.642046751004,-7188.639369461342,1.676922,1.684806,1.720143,2.082827,2.277263,2.347668,2.48645,2.908514,1.3341828267348179e-05,1.7001366361983052e-07,2.7839782953088758e-05,0.00017296807448182898,1.3042242280864174e-08,6.870311051748925e-05,0.0002820781995856616,0.001858158816604927,1.708599,2.181709,2.345349,2.879777,3.58115,ok,332.0
2.3,115.0,7,12,False,0.1004,0.0,-7188.630542321968,-7188.627499629567,1.372887,1.385482,1.410413,1.744873,1.931067,2.003939,2.077511,2.422255,1.2141502454984641e-05,1.3136582725241242e-07,1.2043691093913579e-05,8.46746347002128e-05,7.513681998023157e-09,7.064245384442641e-05,7.367048080367787e-05,0.0007036682515805494,1.395651,1.86043,1.942749,2.427338,2.830038,ok,319.3
2.4,115.0,7,12,False,0.0785,0.0,-7188.619387952991,-7188.6158960953035,1.094542,1.113647,1.128596,1.417843,1.588167,1.653858,1.687138,1.943764,9.199405631368707e-06,8.715849052563271e-08,5.936170646639151e-06,3.713924191682773e-05,5.1527176756691854e-09,5.647888395022556e-05,1.5365795570552348e-05,0.00024019372923759266,1.111375,1.543567,1.570625,1.98547,2.204084,ok,309.7
1.8,125.0,7,12,True,0.3091,0.0,-7188.6445596334715,-7188.643054317003,2.854868,2.858591,2.924089,3.260138,3.491799,3.523284,3.88153,4.286487,2.1941162708110584e-06,3.307169548912156e-06,0.0003588695757052213,0.0016308477886134828,1.3345700752602804e-06,9.847148782629163e-07,0.007806652620442592,0.01602682690092004,2.939433,3.346407,3.743817,4.21705,7.325533,ok,260.7
1.9,125.0,7,12,True,0.2546,0.0,-7188.655718478159,-7188.653845262336,2.512348,2.516357,2.583678,2.908088,3.123586,3.166192,3.546494,3.948512,1.4245196007246598e-06,5.328039792533961e-07,0.0002341226439052022,0.0007875154087364366,4.5801644433565574e-07,1.0999876467534691e-05,0.004416931869677289,0.011674221830129599,2.588195,2.972656,3.417559,3.873403,6.406327,ok,178.9
2.0,125.0,7,12,True,0.2066,0.0,-7188.654367055705,-7188.652188797223,2.198219,2.203107,2.2647,2.594089,2.793415,2.844726,3.187912,3.612428,8.876156501567596e-06,5.457582244226352e-11,0.00013028476819911938,0.0004087950385538847,1.047649668141514e-07,5.5958804601781437e-05,0.00208185602361041,0.007596810737742634,2.260328,2.651366,3.063226,3.538993,5.300027,ok,225.6
2.1,125.0,7,12,False,0.1654,0.0,-7188.645941401289,-7188.643489647967,1.887171,1.894199,1.943466,2.287862,2.474239,2.531452,2.785438,3.240469,1.5996561406331952e-05,9.806160587922077e-08,5.472312936727106e-05,0.0002350880816151324,2.2510297453569123e-08,9.715347298509388e-05,0.000809762128601419,0.0039412298587770105,1.932571,2.353952,2.660709,3.182288,4.289004,ok,322.0
2.2,125.0,7,12,False,0.1311,0.0,-7188.634417480516,-7188.631661705875,1.569607,1.580514,1.616153,1.960827,2.138317,2.199463,2.354786,2.795115,1.6984593433748246e-05,1.3998151148865946e-07,1.953998217234549e-05,0.000135235767402163,6.954115871742276e-09,0.00010620095426437327,0.0002569427531725087,0.0016188977194573503,1.600527,2.046133,2.22994,2.769059,3.400935,ok,314.1
2.3,125.0,7,12,False,0.1031,0.0,-7188.622705474709,-7188.619565284552,1.259449,1.276273,1.299362,1.618117,1.784274,1.844511,1.928208,2.297324,1.4063234844189833e-05,1.215108429507605e-07,7.574823057434981e-06,6.549574847790278e-05,1.5104459760789254e-09,9.000524683145151e-05,6.414165850564779e-05,0.0005345623226944526,1.280089,1.721823,1.81126,2.315936,2.650235,ok,310.7
2.4,125.0,7,12,False,0.0807,0.0,-7188.61218861567,-7188.608555765513,0.976755,1.00127,1.012728,1.287674,1.434134,1.485372,1.531243,1.808103,1.0107677199776427e-05,8.934233402186368e-08,3.7389620669991494e-06,2.4854138953139857e-05,1.058118850795992e-09,5.9574217802257474e-05,1.2534313249682189e-05,0.00015182256573762837,0.99026,1.399459,1.434529,1.871385,2.032998,ok,308.7
