E_eV,lambda_nm,sigma2d_295K,sigma2d_220K,sigma1d_295K,sigma1d_220K
1.60000,774.90,1.6486e-26,1.3131e-26,8.2691e-27,4.1074e-27
1.60150,774.17,1.8302e-26,1.5214e-26,7.5738e-27,4.4543e-27
1.60300,773.45,1.8772e-26,1.5973e-26,6.0531e-27,4.3286e-27
1.60450,772.73,1.7362e-26,1.5044e-26,5.9693e-27,4.4437e-27
1.60601,772.00,1.4449e-26,1.2525e-26,7.3260e-27,4.7416e-27
1.60751,771.28,1.0709e-26,8.9028e-27,7.9275e-27,4.5285e-27
1.60901,770.56,9.6603e-27,5.0274e-27,7.7842e-27,3.9197e-27
1.61051,769.84,1.0920e-26,3.1473e-27,1.2477e-26,8.7774e-27
1.61201,769.13,1.4867e-26,3.7609e-27,1.5931e-26,1.2774e-26
1.61351,768.41,1.8924e-26,4.0830e-27,1.9892e-26,1.6788e-26
1.61501,767.70,2.2641e-26,4.4296e-27,2.2337e-26,1.9572e-26
1.61651,766.99,2.6326e-26,5.1279e-27,2.2359e-26,2.0238e-26
1.61802,766.27,2.9532e-26,5.6253e-27,2.0004e-26,1.8731e-26
1.61952,765.56,3.1952e-26,5.7097e-27,2.0149e-26,1.6649e-26
1.62102,764.85,3.3497e-26,5.3871e-27,1.8133e-26,1.2692e-26
1.62252,764.15,3.6477e-26,5.5921e-27,1.4098e-26,7.2540e-27
1.62402,763.44,4.0139e-26,5.8988e-27,1.2345e-26,4.9628e-27
1.62552,762.74,4.7881e-26,1.1358e-26,1.1747e-26,4.7256e-27
1.62702,762.03,5.5328e-26,1.5987e-26,1.0901e-26,4.4761e-27
1.62852,761.33,6.0852e-26,1.9199e-26,1.1176e-26,5.4371e-27
1.63003,760.63,6.4858e-26,2.1606e-26,1.0232e-26,5.8209e-27
1.63153,759.93,6.7126e-26,2.2421e-26,8.1745e-27,5.5879e-27
1.63303,759.23,6.7047e-26,2.1175e-26,8.1890e-27,5.7482e-27
1.63453,758.53,6.5726e-26,1.8068e-26,1.0209e-26,6.1752e-27
1.63603,757.84,6.4088e-26,1.3809e-26,1.1190e-26,5.9389e-27
1.63753,757.14,6.4379e-26,9.2140e-27,1.2440e-26,6.5605e-27
1.63903,756.45,6.8800e-26,7.9692e-27,1.7983e-26,1.2321e-26
1.64053,755.76,7.7161e-26,9.0120e-27,2.1696e-26,1.6852e-26
1.64204,755.06,8.8344e-26,9.7949e-27,2.6215e-26,2.1424e-26
1.64354,754.37,1.0036e-25,1.0578e-26,2.8722e-26,2.4419e-26
1.64504,753.69,1.1386e-25,1.1916e-26,2.8099e-26,2.4761e-26
1.64654,753.00,1.2842e-25,1.3152e-26,2.4563e-26,2.2471e-26
1.64804,752.31,1.4339e-25,1.3927e-26,2.4851e-26,1.9734e-26
1.64954,751.63,1.5901e-25,1.4332e-26,2.2562e-26,1.4775e-26
1.65104,750.94,1.7772e-25,1.5677e-26,1.7767e-26,8.0763e-27
1.65254,750.26,1.9958e-25,1.8229e-26,1.7269e-26,6.9282e-27
1.65405,749.58,2.2547e-25,2.6073e-26,1.6384e-26,6.5781e-27
1.65555,748.90,2.4847e-25,3.2578e-26,1.5253e-26,6.2076e-27
1.65705,748.22,2.6751e-25,3.7078e-26,1.5754e-26,7.4257e-27
1.65855,747.55,2.8312e-25,4.0346e-26,1.4565e-26,7.8585e-27
1.66005,746.87,2.9518e-25,4.1568e-26,1.1804e-26,7.4596e-27
1.66155,746.20,3.0322e-25,4.0181e-26,1.2072e-26,7.6899e-27
1.66305,745.52,3.0962e-25,3.6532e-26,1.5285e-26,8.3417e-27
1.66455,744.85,3.1643e-25,3.1776e-26,1.6962e-26,8.1026e-27
1.66606,744.18,3.2596e-25,2.6719e-26,2.0526e-26,1.0794e-26
1.66756,743.51,3.4356e-25,2.7301e-26,2.7022e-26,1.7677e-26
1.66906,742.84,3.6347e-25,2.9339e-26,3.0662e-26,2.2756e-26
1.67056,742.17,3.8391e-25,3.0734e-26,3.5876e-26,2.7976e-26
1.67206,741.51,4.0548e-25,3.1923e-26,3.8260e-26,3.1128e-26
1.67356,740.84,4.2933e-25,3.3837e-26,3.6432e-26,3.0879e-26
1.67506,740.18,4.5620e-25,3.5849e-26,3.0871e-26,2.7371e-26
1.67656,739.51,4.8563e-25,3.7378e-26,3.1499e-26,2.3749e-26
1.67807,738.85,5.2307e-25,3.9365e-26,2.9016e-26,1.7459e-26
1.67957,738.19,5.6901e-25,4.3295e-26,2.3695e-26,9.4779e-27
1.68107,737.53,6.2514e-25,5.0748e-26,2.5073e-26,1.0037e-26
1.68257,736.87,6.8932e-25,6.3788e-26,2.3712e-26,9.5003e-27
1.68407,736.22,7.5228e-25,7.5216e-26,2.2656e-26,8.9953e-27
1.68557,735.56,8.1174e-25,8.4097e-26,2.4170e-26,1.0669e-26
1.68707,734.91,8.6718e-25,9.1287e-26,2.3249e-26,1.1236e-26
1.68857,734.25,9.1752e-25,9.5916e-26,1.9907e-26,1.0623e-26
1.69008,733.60,9.6161e-25,9.7299e-26,2.1099e-26,1.1015e-26
1.69158,732.95,9.9801e-25,9.5073e-26,2.6734e-26,1.2107e-26
1.69308,732.30,1.0313e-24,9.1308e-26,2.9665e-26,1.1908e-26
1.69458,731.65,1.0644e-24,8.6989e-26,3.6681e-26,1.8011e-26
1.69608,731.00,1.1109e-24,9.2213e-26,4.3363e-26,2.6183e-26
1.69758,730.36,1.1556e-24,9.7031e-26,4.5918e-26,3.1714e-26
1.69908,729.71,1.1983e-24,1.0064e-25,5.2132e-26,3.7714e-26
1.70058,729.07,1.2403e-24,1.0353e-25,5.3881e-26,4.0894e-26
1.70209,728.43,1.2846e-24,1.0752e-25,4.9547e-26,3.9568e-26
1.70359,727.78,1.3337e-24,1.1195e-25,4.0017e-26,3.4054e-26
1.70509,727.14,1.3863e-24,1.1592e-25,4.1657e-26,2.9283e-26
1.70659,726.50,1.4434e-24,1.1951e-25,3.9260e-26,2.1216e-26
1.70809,725.86,1.5149e-24,1.2656e-25,3.6277e-26,1.4470e-26
1.70959,725.23,1.6127e-24,1.4214e-25,3.8211e-26,1.5264e-26
1.71109,724.59,1.7328e-24,1.6460e-25,3.8220e-26,1.4728e-26
1.71259,723.96,1.8596e-24,1.8590e-25,4.9187e-26,1.5757e-26
1.71410,723.32,1.9900e-24,2.0483e-25,6.5302e-26,2.0063e-26
1.71560,722.69,2.1226e-24,2.2238e-25,8.0918e-26,2.3221e-26
1.71710,722.06,2.2550e-24,2.3769e-25,9.5903e-26,2.5120e-26
1.71860,721.43,2.3867e-24,2.5057e-25,1.2260e-25,2.9357e-26
1.72010,720.80,2.5114e-24,2.5930e-25,1.5928e-25,3.5280e-26
1.72160,720.17,2.6338e-24,2.6679e-25,1.9323e-25,3.9575e-26
1.72310,719.54,2.7553e-24,2.7584e-25,2.3581e-25,5.5961e-26
1.72460,718.91,2.8782e-24,2.9402e-25,2.7183e-25,7.0247e-26
1.72611,718.29,2.9908e-24,3.0951e-25,2.9768e-25,7.9966e-26
1.72761,717.66,3.0935e-24,3.2202e-25,3.1977e-25,8.9142e-26
1.72911,717.04,3.1882e-24,3.3178e-25,3.3062e-25,9.3781e-26
1.73061,716.42,3.2813e-24,3.4268e-25,3.2838e-25,9.1644e-26
1.73211,715.80,3.3784e-24,3.5376e-25,3.1855e-25,8.3895e-26
1.73361,715.18,3.4839e-24,3.6559e-25,3.3006e-25,7.8841e-26
1.73511,714.56,3.5981e-24,3.7730e-25,3.3565e-25,6.9495e-26
1.73661,713.94,3.7418e-24,3.9635e-25,3.4635e-25,6.7193e-26
1.73812,713.33,3.9142e-24,4.2927e-25,3.6084e-25,7.0104e-26
1.73962,712.71,4.1066e-24,4.6636e-25,3.7292e-25,7.0935e-26
1.74112,712.10,4.3146e-24,5.0255e-25,3.8835e-25,7.2040e-26
1.74262,711.48,4.5364e-24,5.3657e-25,4.1327e-25,7.8279e-26
1.74412,710.87,4.7717e-24,5.6971e-25,4.4022e-25,8.3169e-26
1.74562,710.26,5.0183e-24,6.0185e-25,4.7805e-25,8.7932e-26
1.74712,709.65,5.2899e-24,6.3790e-25,5.7381e-25,1.0248e-25
1.74862,709.04,5.5721e-24,6.7344e-25,6.9425e-25,1.2134e-25
1.75013,708.43,5.8684e-24,7.1161e-25,8.3163e-25,1.4503e-25
1.75163,707.82,6.1885e-24,7.6305e-25,9.9228e-25,1.8376e-25
1.75313,707.22,6.5158e-24,8.2487e-25,1.1548e-24,2.1949e-25
1.75463,706.61,6.8336e-24,8.8418e-25,1.3129e-24,2.4998e-25
1.75613,706.01,7.1372e-24,9.3929e-25,1.4753e-24,2.8177e-25
1.75763,705.41,7.4235e-24,9.8899e-25,1.6244e-24,3.0773e-25
1.75913,704.80,7.6969e-24,1.0380e-24,1.7526e-24,3.2383e-25
1.76063,704.20,7.9548e-24,1.0818e-24,1.8578e-24,3.3026e-25
1.76214,703.60,8.2008e-24,1.1203e-24,1.9645e-24,3.3746e-25
1.76364,703.00,8.4409e-24,1.1544e-24,2.0472e-24,3.3635e-25
1.76514,702.41,8.7168e-24,1.2005e-24,2.1283e-24,3.4992e-25
1.76664,701.81,9.0331e-24,1.2715e-24,2.1928e-24,3.6032e-25
1.76814,701.21,9.3657e-24,1.3425e-24,2.2424e-24,3.6512e-25
1.76964,700.62,9.7176e-24,1.4123e-24,2.2974e-24,3.7120e-25
1.77114,700.02,1.0092e-23,1.4805e-24,2.3681e-24,3.8519e-25
1.77264,699.43,1.0492e-23,1.5491e-24,2.4483e-24,3.9783e-25
1.77415,698.84,1.0925e-23,1.6233e-24,2.5455e-24,4.1004e-25
1.77565,698.25,1.1384e-23,1.6976e-24,2.6878e-24,4.3114e-25
1.77715,697.66,1.1870e-23,1.7735e-24,2.8787e-24,4.6117e-25
1.77865,697.07,1.2397e-23,1.8590e-24,3.1183e-24,5.0946e-25
1.78015,696.48,1.3040e-23,1.9991e-24,3.4033e-24,5.7260e-25
1.78165,695.89,1.3723e-23,2.1581e-24,3.7158e-24,6.3428e-25
1.78315,695.31,1.4426e-23,2.3241e-24,4.0762e-24,7.0219e-25
1.78465,694.72,1.5138e-23,2.4937e-24,4.4862e-24,7.8139e-25
1.78616,694.14,1.5848e-23,2.6633e-24,4.9167e-24,8.6101e-25
1.78766,693.56,1.6553e-23,2.8363e-24,5.3523e-24,9.3387e-25
1.78916,692.98,1.7246e-23,3.0089e-24,5.7866e-24,1.0002e-24
1.79066,692.39,1.7918e-23,3.1738e-24,6.2587e-24,1.0782e-24
1.79216,691.81,1.8568e-23,3.3299e-24,6.7157e-24,1.1550e-24
1.79366,691.24,1.9213e-23,3.4895e-24,7.1678e-24,1.2509e-24
1.79516,690.66,1.9868e-23,3.6646e-24,7.5779e-24,1.3348e-24
1.79666,690.08,2.0520e-23,3.8319e-24,7.9400e-24,1.4042e-24
1.79817,689.50,2.1180e-23,3.9918e-24,8.2539e-24,1.4587e-24
1.79967,688.93,2.1859e-23,4.1468e-24,8.5351e-24,1.5114e-24
1.80117,688.35,2.2572e-23,4.3008e-24,8.7798e-24,1.5503e-24
1.80267,687.78,2.3349e-23,4.4745e-24,9.0015e-24,1.5779e-24
1.80417,687.21,2.4193e-23,4.6628e-24,9.2770e-24,1.6218e-24
1.80567,686.64,2.5111e-23,4.8691e-24,9.6004e-24,1.6765e-24
1.80717,686.07,2.6114e-23,5.0988e-24,9.9935e-24,1.7722e-24
1.80867,685.50,2.7250e-23,5.4045e-24,1.0435e-23,1.8777e-24
1.81018,684.93,2.8473e-23,5.7409e-24,1.0925e-23,1.9851e-24
1.81168,684.36,2.9775e-23,6.1059e-24,1.1468e-23,2.0932e-24
1.81318,683.80,3.1145e-23,6.4957e-24,1.2074e-23,2.2115e-24
1.81468,683.23,3.2567e-23,6.9060e-24,1.2742e-23,2.3395e-24
1.81618,682.66,3.4027e-23,7.3323e-24,1.3459e-23,2.4678e-24
1.81768,682.10,3.5544e-23,7.8052e-24,1.4328e-23,2.6399e-24
1.81918,681.54,3.7074e-23,8.2886e-24,1.5351e-23,2.8614e-24
1.82068,680.98,3.8605e-23,8.7768e-24,1.6461e-23,3.1282e-24
1.82219,680.41,4.0166e-23,9.3060e-24,1.7632e-23,3.4354e-24
1.82369,679.85,4.1736e-23,9.8551e-24,1.8810e-23,3.7467e-24
1.82519,679.30,4.3288e-23,1.0393e-23,1.9968e-23,4.0525e-24
1.82669,678.74,4.4821e-23,1.0912e-23,2.1079e-23,4.3449e-24
1.82819,678.18,4.6343e-23,1.1412e-23,2.2150e-23,4.6426e-24
1.82969,677.62,4.7866e-23,1.1892e-23,2.3143e-23,4.9137e-24
1.83119,677.07,4.9409e-23,1.2359e-23,2.4052e-23,5.1538e-24
1.83269,676.51,5.0995e-23,1.2823e-23,2.4879e-23,5.3612e-24
1.83420,675.96,5.2651e-23,1.3298e-23,2.5651e-23,5.5501e-24
1.83570,675.41,5.4426e-23,1.3822e-23,2.6437e-23,5.7767e-24
1.83720,674.85,5.6395e-23,1.4466e-23,2.7205e-23,5.9830e-24
1.83870,674.30,5.8507e-23,1.5168e-23,2.7982e-23,6.1737e-24
1.84020,673.75,6.0768e-23,1.5933e-23,2.8803e-23,6.3564e-24
1.84170,673.20,6.3179e-23,1.6764e-23,2.9726e-23,6.5671e-24
1.84320,672.66,6.5737e-23,1.7662e-23,3.0780e-23,6.8137e-24
1.84470,672.11,6.8431e-23,1.8624e-23,3.1978e-23,7.0903e-24
1.84621,671.56,7.1245e-23,1.9646e-23,3.3340e-23,7.4081e-24
1.84771,671.02,7.4161e-23,2.0722e-23,3.4881e-23,7.7771e-24
1.84921,670.47,7.7158e-23,2.1844e-23,3.6683e-23,8.2888e-24
1.85071,669.93,8.0367e-23,2.3160e-23,3.8679e-23,8.8836e-24
1.85221,669.39,8.3667e-23,2.4556e-23,4.0824e-23,9.5349e-24
1.85371,668.84,8.7005e-23,2.5982e-23,4.3085e-23,1.0232e-23
1.85521,668.30,9.0358e-23,2.7421e-23,4.5454e-23,1.0994e-23
1.85671,667.76,9.3712e-23,2.8855e-23,4.7925e-23,1.1844e-23
1.85822,667.22,9.7059e-23,3.0272e-23,5.0404e-23,1.2713e-23
1.85972,666.68,1.0040e-22,3.1668e-23,5.2849e-23,1.3581e-23
1.86122,666.15,1.0376e-22,3.3044e-23,5.5227e-23,1.4430e-23
1.86272,665.61,1.0714e-22,3.4410e-23,5.7578e-23,1.5315e-23
1.86422,665.07,1.1060e-22,3.5784e-23,5.9901e-23,1.6235e-23
1.86572,664.54,1.1415e-22,3.7188e-23,6.2111e-23,1.7099e-23
1.86722,664.00,1.1785e-22,3.8654e-23,6.4213e-23,1.7891e-23
1.86872,663.47,1.2174e-22,4.0211e-23,6.6221e-23,1.8606e-23
1.87023,662.94,1.2586e-22,4.1894e-23,6.8171e-23,1.9251e-23
1.87173,662.41,1.3024e-22,4.3731e-23,7.0107e-23,1.9839e-23
1.87323,661.87,1.3490e-22,4.5749e-23,7.2086e-23,2.0394e-23
1.87473,661.34,1.3987e-22,4.7967e-23,7.4169e-23,2.0949e-23
1.87623,660.82,1.4514e-22,5.0396e-23,7.6460e-23,2.1582e-23
1.87773,660.29,1.5070e-22,5.3035e-23,7.9167e-23,2.2488e-23
1.87923,659.76,1.5653e-22,5.5876e-23,8.2158e-23,2.3516e-23
1.88073,659.23,1.6260e-22,5.8903e-23,8.5451e-23,2.4680e-23
1.88224,658.71,1.6887e-22,6.2089e-23,8.9046e-23,2.5988e-23
1.88374,658.18,1.7530e-22,6.5407e-23,9.2930e-23,2.7440e-23
1.88524,657.66,1.8185e-22,6.8823e-23,9.7072e-23,2.9029e-23
1.88674,657.13,1.8849e-22,7.2308e-23,1.0143e-22,3.0742e-23
1.88824,656.61,1.9518e-22,7.5835e-23,1.0596e-22,3.2560e-23
1.88974,656.09,2.0191e-22,7.9387e-23,1.1065e-22,3.4519e-23
1.89124,655.57,2.0868e-22,8.2953e-23,1.1582e-22,3.6968e-23
1.89274,655.05,2.1550e-22,8.6537e-23,1.2105e-22,3.9512e-23
1.89425,654.53,2.2240e-22,9.0154e-23,1.2628e-22,4.2097e-23
1.89575,654.01,2.2941e-22,9.3829e-23,1.3143e-22,4.4664e-23
1.89725,653.50,2.3659e-22,9.7599e-23,1.3646e-22,4.7164e-23
1.89875,652.98,2.4399e-22,1.0151e-22,1.4134e-22,4.9556e-23
1.90025,652.46,2.5167e-22,1.0561e-22,1.4607e-22,5.1813e-23
1.90175,651.95,2.5971e-22,1.0995e-22,1.5065e-22,5.3931e-23
1.90325,651.43,2.6814e-22,1.1458e-22,1.5515e-22,5.5920e-23
1.90475,650.92,2.7701e-22,1.1953e-22,1.5962e-22,5.7817e-23
1.90626,650.41,2.8636e-22,1.2485e-22,1.6416e-22,5.9674e-23
1.90776,649.90,2.9619e-22,1.3055e-22,1.6886e-22,6.1562e-23
1.90926,649.38,3.0651e-22,1.3663e-22,1.7383e-22,6.3560e-23
1.91076,648.87,3.1729e-22,1.4310e-22,1.7918e-22,6.5756e-23
1.91226,648.36,3.2851e-22,1.4992e-22,1.8500e-22,6.8234e-23
1.91376,647.86,3.4012e-22,1.5708e-22,1.9135e-22,7.1071e-23
1.91526,647.35,3.5208e-22,1.6452e-22,1.9829e-22,7.4328e-23
1.91676,646.84,3.6433e-22,1.7222e-22,2.0585e-22,7.8047e-23
1.91827,646.34,3.7682e-22,1.8013e-22,2.1400e-22,8.2245e-23
1.91977,645.83,3.8952e-22,1.8821e-22,2.2271e-22,8.6913e-23
1.92127,645.32,4.0240e-22,1.9645e-22,2.3190e-22,9.2015e-23
1.92277,644.82,4.1544e-22,2.0482e-22,2.4149e-22,9.7494e-23
1.92427,644.32,4.2865e-22,2.1334e-22,2.5136e-22,1.0327e-22
1.92577,643.82,4.4206e-22,2.2201e-22,2.6140e-22,1.0926e-22
1.92727,643.31,4.5570e-22,2.3088e-22,2.7151e-22,1.1535e-22
1.92877,642.81,4.6963e-22,2.3999e-22,2.8159e-22,1.2148e-22
1.93028,642.31,4.8391e-22,2.4940e-22,2.9157e-22,1.2755e-22
1.93178,641.81,4.9862e-22,2.5918e-22,3.0141e-22,1.3351e-22
1.93328,641.32,5.1381e-22,2.6939e-22,3.1110e-22,1.3934e-22
1.93478,640.82,5.2957e-22,2.8010e-22,3.2067e-22,1.4503e-22
1.93628,640.32,5.4593e-22,2.9137e-22,3.3021e-22,1.5062e-22
1.93778,639.83,5.6296e-22,3.0323e-22,3.3980e-22,1.5618e-22
1.93928,639.33,5.8067e-22,3.1573e-22,3.4957e-22,1.6180e-22
1.94078,638.84,5.9907e-22,3.2888e-22,3.5968e-22,1.6760e-22
1.94229,638.34,6.1816e-22,3.4267e-22,3.7028e-22,1.7371e-22
1.94379,637.85,6.3791e-22,3.5709e-22,3.8149e-22,1.8025e-22
1.94529,637.36,6.5828e-22,3.7210e-22,3.9347e-22,1.8736e-22
1.94679,636.87,6.7923e-22,3.8767e-22,4.0629e-22,1.9513e-22
1.94829,636.37,7.0071e-22,4.0375e-22,4.2002e-22,2.0366e-22
1.94979,635.88,7.2267e-22,4.2030e-22,4.3469e-22,2.1298e-22
1.95129,635.40,7.4507e-22,4.3727e-22,4.5028e-22,2.2310e-22
1.95279,634.91,7.6789e-22,4.5464e-22,4.6670e-22,2.3400e-22
1.95430,634.42,7.9112e-22,4.7239e-22,4.8388e-22,2.4561e-22
1.95580,633.93,8.1475e-22,4.9052e-22,5.0167e-22,2.5784e-22
1.95730,633.45,8.3882e-22,5.0905e-22,5.1994e-22,2.7058e-22
1.95880,632.96,8.6336e-22,5.2803e-22,5.3853e-22,2.8369e-22
1.96030,632.48,8.8842e-22,5.4749e-22,5.5730e-22,2.9706e-22
1.96180,631.99,9.1407e-22,5.6750e-22,5.7615e-22,3.1056e-22
1.96330,631.51,9.4038e-22,5.8814e-22,5.9497e-22,3.2413e-22
1.96480,631.03,9.6742e-22,6.0948e-22,6.1374e-22,3.3770e-22
1.96631,630.54,9.9526e-22,6.3159e-22,6.3246e-22,3.5125e-22
1.96781,630.06,1.0240e-21,6.5455e-22,6.5118e-22,3.6483e-22
1.96931,629.58,1.0536e-21,6.7841e-22,6.7001e-22,3.7851e-22
1.97081,629.10,1.0841e-21,7.0322e-22,6.8909e-22,3.9239e-22
1.97231,628.62,1.1156e-21,7.2900e-22,7.0859e-22,4.0663e-22
1.97381,628.15,1.1480e-21,7.5576e-22,7.2869e-22,4.2138e-22
1.97531,627.67,1.1814e-21,7.8351e-22,7.4959e-22,4.3682e-22
1.97681,627.19,1.2157e-21,8.1223e-22,7.7145e-22,4.5313e-22
1.97832,626.72,1.2509e-21,8.4190e-22,7.9443e-22,4.7044e-22
1.97982,626.24,1.2870e-21,8.7249e-22,8.1865e-22,4.8887e-22
1.98132,625.77,1.3239e-21,9.0397e-22,8.4416e-22,5.0851e-22
1.98282,625.29,1.3615e-21,9.3631e-22,8.7098e-22,5.2938e-22
1.98432,624.82,1.4000e-21,9.6951e-22,8.9907e-22,5.5146e-22
1.98582,624.35,1.4392e-21,1.0035e-21,9.2835e-22,5.7471e-22
1.98732,623.88,1.4792e-21,1.0384e-21,9.5869e-22,5.9901e-22
1.98882,623.40,1.5201e-21,1.0742e-21,9.8993e-22,6.2422e-22
1.99033,622.93,1.5617e-21,1.1108e-21,1.0219e-21,6.5021e-22
1.99183,622.46,1.6043e-21,1.1484e-21,1.0545e-21,6.7682e-22
1.99333,622.00,1.6477e-21,1.1870e-21,1.0875e-21,7.0391e-22
1.99483,621.53,1.6922e-21,1.2266e-21,1.1207e-21,7.3136e-22
1.99633,621.06,1.7376e-21,1.2672e-21,1.1543e-21,7.5909e-22
1.99783,620.59,1.7841e-21,1.3090e-21,1.1880e-21,7.8708e-22
1.99933,620.13,1.8317e-21,1.3520e-21,1.2219e-21,8.1534e-22
2.00083,619.66,1.8804e-21,1.3961e-21,1.2562e-21,8.4395e-22
2.00234,619.20,1.9303e-21,1.4415e-21,1.2909e-21,8.7302e-22
2.00384,618.73,1.9812e-21,1.4881e-21,1.3262e-21,9.0273e-22
2.00534,618.27,2.0332e-21,1.5359e-21,1.3623e-21,9.3326e-22
2.00684,617.81,2.0864e-21,1.5849e-21,1.3995e-21,9.6481e-22
2.00834,617.35,2.1406e-21,1.6351e-21,1.4378e-21,9.9760e-22
2.00984,616.89,2.1960e-21,1.6865e-21,1.4775e-21,1.0318e-21
2.01134,616.43,2.2524e-21,1.7391e-21,1.5188e-21,1.0676e-21
2.01284,615.97,2.3099e-21,1.7930e-21,1.5617e-21,1.1051e-21
2.01435,615.51,2.3685e-21,1.8480e-21,1.6063e-21,1.1444e-21
2.01585,615.05,2.4282e-21,1.9043e-21,1.6525e-21,1.1854e-21
2.01735,614.59,2.4891e-21,1.9619e-21,1.7004e-21,1.2282e-21
2.01885,614.13,2.5513e-21,2.0209e-21,1.7499e-21,1.2727e-21
2.02035,613.68,2.6147e-21,2.0813e-21,1.8007e-21,1.3187e-21
2.02185,613.22,2.6795e-21,2.1431e-21,1.8527e-21,1.3660e-21
2.02335,612.77,2.7457e-21,2.2065e-21,1.9059e-21,1.4146e-21
2.02485,612.31,2.8134e-21,2.2714e-21,1.9599e-21,1.4643e-21
2.02636,611.86,2.8826e-21,2.3381e-21,2.0148e-21,1.5148e-21
2.02786,611.41,2.9533e-21,2.4064e-21,2.0703e-21,1.5662e-21
2.02936,610.95,3.0256e-21,2.4764e-21,2.1265e-21,1.6183e-21
2.03086,610.50,3.0994e-21,2.5482e-21,2.1833e-21,1.6711e-21
2.03236,610.05,3.1747e-21,2.6217e-21,2.2408e-21,1.7247e-21
2.03386,609.60,3.2515e-21,2.6969e-21,2.2990e-21,1.7791e-21
2.03536,609.15,3.3298e-21,2.7738e-21,2.3581e-21,1.8343e-21
2.03686,608.70,3.4094e-21,2.8522e-21,2.4181e-21,1.8907e-21
2.03837,608.25,3.4904e-21,2.9323e-21,2.4794e-21,1.9483e-21
2.03987,607.81,3.5728e-21,3.0140e-21,2.5420e-21,2.0074e-21
2.04137,607.36,3.6563e-21,3.0971e-21,2.6062e-21,2.0681e-21
2.04287,606.91,3.7412e-21,3.1818e-21,2.6719e-21,2.1305e-21
2.04437,606.47,3.8274e-21,3.2679e-21,2.7395e-21,2.1948e-21
2.04587,606.02,3.9148e-21,3.3556e-21,2.8088e-21,2.2611e-21
2.04737,605.58,4.0036e-21,3.4449e-21,2.8800e-21,2.3294e-21
2.04887,605.13,4.0938e-21,3.5358e-21,2.9531e-21,2.3998e-21
2.05038,604.69,4.1855e-21,3.6283e-21,3.0279e-21,2.4721e-21
2.05188,604.25,4.2787e-21,3.7225e-21,3.1046e-21,2.5465e-21
2.05338,603.81,4.3736e-21,3.8186e-21,3.1829e-21,2.6228e-21
2.05488,603.36,4.4701e-21,3.9165e-21,3.2628e-21,2.7009e-21
2.05638,602.92,4.5683e-21,4.0162e-21,3.3442e-21,2.7808e-21
2.05788,602.48,4.6682e-21,4.1179e-21,3.4270e-21,2.8623e-21
2.05938,602.05,4.7699e-21,4.2216e-21,3.5113e-21,2.9455e-21
2.06088,601.61,4.8733e-21,4.3271e-21,3.5970e-21,3.0304e-21
2.06239,601.17,4.9784e-21,4.4346e-21,3.6841e-21,3.1168e-21
2.06389,600.73,5.0851e-21,4.5439e-21,3.7727e-21,3.2049e-21
2.06539,600.30,5.1933e-21,4.6550e-21,3.8627e-21,3.2947e-21
2.06689,599.86,5.3031e-21,4.7678e-21,3.9543e-21,3.3863e-21
2.06839,599.42,5.4143e-21,4.8824e-21,4.0476e-21,3.4797e-21
2.06989,598.99,5.5268e-21,4.9986e-21,4.1426e-21,3.5750e-21
2.07139,598.55,5.6407e-21,5.1165e-21,4.2393e-21,3.6724e-21
2.07289,598.12,5.7560e-21,5.2360e-21,4.3379e-21,3.7717e-21
2.07440,597.69,5.8726e-21,5.3571e-21,4.4383e-21,3.8732e-21
2.07590,597.26,5.9907e-21,5.4800e-21,4.5405e-21,3.9766e-21
2.07740,596.82,6.1103e-21,5.6047e-21,4.6444e-21,4.0822e-21
2.07890,596.39,6.2316e-21,5.7313e-21,4.7501e-21,4.1897e-21
2.08040,595.96,6.3546e-21,5.8600e-21,4.8574e-21,4.2991e-21
2.08190,595.53,6.4795e-21,5.9907e-21,4.9663e-21,4.4103e-21
2.08340,595.10,6.6065e-21,6.1238e-21,5.0768e-21,4.5234e-21
2.08490,594.68,6.7355e-21,6.2592e-21,5.1886e-21,4.6381e-21
2.08641,594.25,6.8667e-21,6.3970e-21,5.3019e-21,4.7545e-21
2.08791,593.82,7.0002e-21,6.5372e-21,5.4165e-21,4.8725e-21
2.08941,593.39,7.1358e-21,6.6799e-21,5.5326e-21,4.9922e-21
2.09091,592.97,7.2737e-21,6.8250e-21,5.6501e-21,5.1135e-21
2.09241,592.54,7.4136e-21,6.9724e-21,5.7692e-21,5.2366e-21
2.09391,592.12,7.5554e-21,7.1220e-21,5.8899e-21,5.3616e-21
2.09541,591.69,7.6990e-21,7.2737e-21,6.0124e-21,5.4885e-21
2.09691,591.27,7.8443e-21,7.4271e-21,6.1368e-21,5.6176e-21
2.09842,590.85,7.9910e-21,7.5823e-21,6.2632e-21,5.7489e-21
2.09992,590.42,8.1389e-21,7.7390e-21,6.3917e-21,5.8825e-21
2.10142,590.00,8.2879e-21,7.8970e-21,6.5224e-21,6.0186e-21
2.10292,589.58,8.4379e-21,8.0563e-21,6.6554e-21,6.1572e-21
2.10442,589.16,8.5889e-21,8.2168e-21,6.7906e-21,6.2983e-21
2.10592,588.74,8.7407e-21,8.3784e-21,6.9281e-21,6.4420e-21
2.10742,588.32,8.8935e-21,8.5413e-21,7.0678e-21,6.5881e-21
2.10892,587.90,9.0474e-21,8.7054e-21,7.2095e-21,6.7367e-21
2.11043,587.48,9.2023e-21,8.8709e-21,7.3532e-21,6.8875e-21
2.11193,587.07,9.3586e-21,9.0379e-21,7.4988e-21,7.0406e-21
2.11343,586.65,9.5164e-21,9.2067e-21,7.6462e-21,7.1957e-21
2.11493,586.23,9.6759e-21,9.3774e-21,7.7952e-21,7.3529e-21
2.11643,585.82,9.8373e-21,9.5502e-21,7.9458e-21,7.5120e-21
2.11793,585.40,1.0001e-20,9.7253e-21,8.0980e-21,7.6729e-21
2.11943,584.99,1.0166e-20,9.9026e-21,8.2517e-21,7.8356e-21
2.12093,584.57,1.0334e-20,1.0082e-20,8.4070e-21,8.0002e-21
2.12244,584.16,1.0504e-20,1.0265e-20,8.5639e-21,8.1667e-21
2.12394,583.75,1.0676e-20,1.0449e-20,8.7226e-21,8.3352e-21
2.12544,583.33,1.0850e-20,1.0636e-20,8.8830e-21,8.5057e-21
2.12694,582.92,1.1026e-20,1.0824e-20,9.0454e-21,8.6782e-21
2.12844,582.51,1.1203e-20,1.1015e-20,9.2098e-21,8.8530e-21
2.12994,582.10,1.1382e-20,1.1207e-20,9.3762e-21,9.0300e-21
2.13144,581.69,1.1562e-20,1.1401e-20,9.5446e-21,9.2092e-21
2.13294,581.28,1.1743e-20,1.1596e-20,9.7150e-21,9.3906e-21
2.13445,580.87,1.1926e-20,1.1792e-20,9.8874e-21,9.5742e-21
2.13595,580.46,1.2108e-20,1.1989e-20,1.0062e-20,9.7598e-21
2.13745,580.06,1.2292e-20,1.2186e-20,1.0237e-20,9.9473e-21
2.13895,579.65,1.2476e-20,1.2385e-20,1.0415e-20,1.0137e-20
2.14045,579.24,1.2661e-20,1.2584e-20,1.0593e-20,1.0327e-20
2.14195,578.84,1.2846e-20,1.2784e-20,1.0773e-20,1.0520e-20
2.14345,578.43,1.3033e-20,1.2986e-20,1.0954e-20,1.0713e-20
2.14495,578.03,1.3220e-20,1.3188e-20,1.1136e-20,1.0907e-20
2.14646,577.62,1.3409e-20,1.3392e-20,1.1318e-20,1.1103e-20
2.14796,577.22,1.3599e-20,1.3597e-20,1.1501e-20,1.1300e-20
2.14946,576.82,1.3791e-20,1.3804e-20,1.1686e-20,1.1497e-20
2.15096,576.41,1.3984e-20,1.4013e-20,1.1871e-20,1.1696e-20
2.15246,576.01,1.4179e-20,1.4224e-20,1.2057e-20,1.1897e-20
2.15396,575.61,1.4376e-20,1.4436e-20,1.2245e-20,1.2099e-20
2.15546,575.21,1.4574e-20,1.4651e-20,1.2435e-20,1.2303e-20
2.15696,574.81,1.4774e-20,1.4867e-20,1.2626e-20,1.2509e-20
2.15847,574.41,1.4976e-20,1.5084e-20,1.2820e-20,1.2718e-20
2.15997,574.01,1.5179e-20,1.5303e-20,1.3016e-20,1.2929e-20
2.16147,573.61,1.5382e-20,1.5523e-20,1.3215e-20,1.3142e-20
2.16297,573.21,1.5587e-20,1.5744e-20,1.3416e-20,1.3359e-20
2.16447,572.82,1.5792e-20,1.5966e-20,1.3620e-20,1.3578e-20
2.16597,572.42,1.5997e-20,1.6188e-20,1.3826e-20,1.3799e-20
2.16747,572.02,1.6203e-20,1.6410e-20,1.4034e-20,1.4023e-20
2.16897,571.63,1.6409e-20,1.6632e-20,1.4244e-20,1.4249e-20
2.17048,571.23,1.6614e-20,1.6855e-20,1.4456e-20,1.4477e-20
2.17198,570.84,1.6820e-20,1.7078e-20,1.4668e-20,1.4706e-20
2.17348,570.44,1.7026e-20,1.7300e-20,1.4882e-20,1.4935e-20
2.17498,570.05,1.7232e-20,1.7523e-20,1.5095e-20,1.5165e-20
2.17648,569.65,1.7439e-20,1.7746e-20,1.5309e-20,1.5396e-20
2.17798,569.26,1.7646e-20,1.7970e-20,1.5523e-20,1.5626e-20
2.17948,568.87,1.7853e-20,1.8194e-20,1.5736e-20,1.5856e-20
2.18098,568.48,1.8061e-20,1.8419e-20,1.5950e-20,1.6086e-20
2.18249,568.09,1.8270e-20,1.8645e-20,1.6163e-20,1.6316e-20
2.18399,567.70,1.8480e-20,1.8871e-20,1.6376e-20,1.6546e-20
2.18549,567.31,1.8690e-20,1.9099e-20,1.6589e-20,1.6776e-20
2.18699,566.92,1.8901e-20,1.9327e-20,1.6802e-20,1.7007e-20
2.18849,566.53,1.9113e-20,1.9555e-20,1.7017e-20,1.7238e-20
2.18999,566.14,1.9326e-20,1.9784e-20,1.7233e-20,1.7471e-20
2.19149,565.75,1.9539e-20,2.0014e-20,1.7450e-20,1.7705e-20
2.19299,565.36,1.9752e-20,2.0244e-20,1.7669e-20,1.7941e-20
2.19450,564.98,1.9965e-20,2.0474e-20,1.7889e-20,1.8179e-20
2.19600,564.59,2.0178e-20,2.0703e-20,1.8112e-20,1.8419e-20
2.19750,564.21,2.0391e-20,2.0933e-20,1.8336e-20,1.8661e-20
2.19900,563.82,2.0604e-20,2.1162e-20,1.8562e-20,1.8904e-20
2.20050,563.44,2.0816e-20,2.1390e-20,1.8790e-20,1.9149e-20
2.20200,563.05,2.1028e-20,2.1618e-20,1.9018e-20,1.9395e-20
2.20350,562.67,2.1239e-20,2.1845e-20,1.9247e-20,1.9642e-20
2.20500,562.29,2.1450e-20,2.2072e-20,1.9477e-20,1.9888e-20
2.20651,561.90,2.1661e-20,2.2299e-20,1.9706e-20,2.0135e-20
2.20801,561.52,2.1871e-20,2.2525e-20,1.9935e-20,2.0381e-20
2.20951,561.14,2.2082e-20,2.2752e-20,2.0163e-20,2.0627e-20
2.21101,560.76,2.2292e-20,2.2978e-20,2.0390e-20,2.0871e-20
2.21251,560.38,2.2503e-20,2.3204e-20,2.0616e-20,2.1114e-20
2.21401,560.00,2.2713e-20,2.3430e-20,2.0841e-20,2.1356e-20
2.21551,559.62,2.2924e-20,2.3656e-20,2.1065e-20,2.1598e-20
2.21701,559.24,2.3135e-20,2.3881e-20,2.1289e-20,2.1838e-20
2.21852,558.86,2.3345e-20,2.4107e-20,2.1512e-20,2.2078e-20
2.22002,558.48,2.3556e-20,2.4332e-20,2.1734e-20,2.2317e-20
2.22152,558.11,2.3765e-20,2.4556e-20,2.1957e-20,2.2556e-20
2.22302,557.73,2.3974e-20,2.4780e-20,2.2181e-20,2.2796e-20
2.22452,557.35,2.4182e-20,2.5002e-20,2.2405e-20,2.3037e-20
2.22602,556.98,2.4389e-20,2.5223e-20,2.2629e-20,2.3278e-20
2.22752,556.60,2.4595e-20,2.5443e-20,2.2855e-20,2.3520e-20
2.22902,556.23,2.4799e-20,2.5660e-20,2.3082e-20,2.3762e-20
2.23053,555.85,2.5001e-20,2.5876e-20,2.3309e-20,2.4006e-20
2.23203,555.48,2.5202e-20,2.6090e-20,2.3537e-20,2.4249e-20
2.23353,555.10,2.5401e-20,2.6302e-20,2.3765e-20,2.4493e-20
2.23503,554.73,2.5598e-20,2.6512e-20,2.3993e-20,2.4737e-20
2.23653,554.36,2.5794e-20,2.6721e-20,2.4221e-20,2.4980e-20
2.23803,553.99,2.5989e-20,2.6927e-20,2.4448e-20,2.5223e-20
2.23953,553.62,2.6182e-20,2.7133e-20,2.4673e-20,2.5464e-20
2.24103,553.25,2.6375e-20,2.7337e-20,2.4898e-20,2.5703e-20
2.24254,552.88,2.6566e-20,2.7540e-20,2.5120e-20,2.5941e-20
2.24404,552.51,2.6757e-20,2.7743e-20,2.5342e-20,2.6176e-20
2.24554,552.14,2.6948e-20,2.7944e-20,2.5561e-20,2.6410e-20
2.24704,551.77,2.7138e-20,2.8145e-20,2.5778e-20,2.6642e-20
2.24854,551.40,2.7327e-20,2.8345e-20,2.5994e-20,2.6872e-20
2.25004,551.03,2.7516e-20,2.8545e-20,2.6209e-20,2.7100e-20
2.25154,550.66,2.7704e-20,2.8743e-20,2.6423e-20,2.7327e-20
2.25304,550.30,2.7891e-20,2.8940e-20,2.6635e-20,2.7553e-20
2.25455,549.93,2.8076e-20,2.9136e-20,2.6847e-20,2.7778e-20
2.25605,549.56,2.8261e-20,2.9330e-20,2.7058e-20,2.8002e-20
2.25755,549.20,2.8444e-20,2.9522e-20,2.7268e-20,2.8225e-20
2.25905,548.83,2.8624e-20,2.9712e-20,2.7478e-20,2.8447e-20
2.26055,548.47,2.8803e-20,2.9899e-20,2.7688e-20,2.8669e-20
2.26205,548.11,2.8979e-20,3.0084e-20,2.7897e-20,2.8890e-20
2.26355,547.74,2.9153e-20,3.0266e-20,2.8104e-20,2.9109e-20
2.26505,547.38,2.9324e-20,3.0445e-20,2.8311e-20,2.9327e-20
2.26656,547.02,2.9493e-20,3.0621e-20,2.8516e-20,2.9543e-20
2.26806,546.65,2.9659e-20,3.0794e-20,2.8719e-20,2.9757e-20
2.26956,546.29,2.9823e-20,3.0965e-20,2.8920e-20,2.9969e-20
2.27106,545.93,2.9984e-20,3.1133e-20,2.9118e-20,3.0178e-20
2.27256,545.57,3.0144e-20,3.1298e-20,2.9315e-20,3.0384e-20
2.27406,545.21,3.0301e-20,3.1462e-20,2.9508e-20,3.0587e-20
2.27556,544.85,3.0456e-20,3.1623e-20,2.9700e-20,3.0788e-20
2.27706,544.49,3.0610e-20,3.1782e-20,2.9888e-20,3.0986e-20
2.27857,544.13,3.0762e-20,3.1939e-20,3.0075e-20,3.1182e-20
2.28007,543.77,3.0912e-20,3.2094e-20,3.0259e-20,3.1375e-20
2.28157,543.42,3.1061e-20,3.2248e-20,3.0442e-20,3.1566e-20
2.28307,543.06,3.1209e-20,3.2400e-20,3.0623e-20,3.1755e-20
2.28457,542.70,3.1355e-20,3.2549e-20,3.0804e-20,3.1943e-20
2.28607,542.35,3.1499e-20,3.2697e-20,3.0983e-20,3.2129e-20
2.28757,541.99,3.1641e-20,3.2843e-20,3.1161e-20,3.2315e-20
2.28907,541.63,3.1781e-20,3.2986e-20,3.1338e-20,3.2499e-20
2.29058,541.28,3.1918e-20,3.3126e-20,3.1515e-20,3.2682e-20
2.29208,540.93,3.2054e-20,3.3264e-20,3.1690e-20,3.2864e-20
2.29358,540.57,3.2186e-20,3.3399e-20,3.1864e-20,3.3044e-20
2.29508,540.22,3.2316e-20,3.3531e-20,3.2037e-20,3.3222e-20
2.29658,539.86,3.2443e-20,3.3659e-20,3.2207e-20,3.3398e-20
2.29808,539.51,3.2567e-20,3.3785e-20,3.2375e-20,3.3572e-20
2.29958,539.16,3.2688e-20,3.3907e-20,3.2540e-20,3.3742e-20
2.30108,538.81,3.2806e-20,3.4026e-20,3.2702e-20,3.3908e-20
2.30259,538.46,3.2922e-20,3.4141e-20,3.2861e-20,3.4071e-20
2.30409,538.11,3.3034e-20,3.4254e-20,3.3016e-20,3.4230e-20
2.30559,537.76,3.3144e-20,3.4363e-20,3.3167e-20,3.4384e-20
2.30709,537.41,3.3251e-20,3.4470e-20,3.3314e-20,3.4534e-20
2.30859,537.06,3.3356e-20,3.4573e-20,3.3457e-20,3.4680e-20
2.31009,536.71,3.3458e-20,3.4674e-20,3.3596e-20,3.4822e-20
2.31159,536.36,3.3558e-20,3.4772e-20,3.3733e-20,3.4960e-20
2.31309,536.01,3.3655e-20,3.4868e-20,3.3865e-20,3.5095e-20
2.31460,535.66,3.3750e-20,3.4961e-20,3.3996e-20,3.5226e-20
2.31610,535.32,3.3842e-20,3.5051e-20,3.4123e-20,3.5355e-20
2.31760,534.97,3.3933e-20,3.5139e-20,3.4249e-20,3.5481e-20
2.31910,534.62,3.4020e-20,3.5224e-20,3.4373e-20,3.5606e-20
2.32060,534.28,3.4105e-20,3.5306e-20,3.4495e-20,3.5728e-20
2.32210,533.93,3.4188e-20,3.5385e-20,3.4616e-20,3.5849e-20
2.32360,533.59,3.4268e-20,3.5461e-20,3.4736e-20,3.5968e-20
2.32510,533.24,3.4345e-20,3.5534e-20,3.4854e-20,3.6085e-20
2.32661,532.90,3.4419e-20,3.5604e-20,3.4970e-20,3.6201e-20
2.32811,532.55,3.4490e-20,3.5671e-20,3.5084e-20,3.6314e-20
2.32961,532.21,3.4558e-20,3.5734e-20,3.5196e-20,3.6424e-20
2.33111,531.87,3.4624e-20,3.5794e-20,3.5306e-20,3.6532e-20
2.33261,531.53,3.4686e-20,3.5851e-20,3.5412e-20,3.6637e-20
2.33411,531.18,3.4745e-20,3.5905e-20,3.5516e-20,3.6738e-20
2.33561,530.84,3.4801e-20,3.5955e-20,3.5615e-20,3.6835e-20
2.33711,530.50,3.4855e-20,3.6003e-20,3.5711e-20,3.6928e-20
2.33862,530.16,3.4905e-20,3.6047e-20,3.5803e-20,3.7017e-20
2.34012,529.82,3.4953e-20,3.6088e-20,3.5892e-20,3.7101e-20
2.34162,529.48,3.4998e-20,3.6126e-20,3.5976e-20,3.7181e-20
2.34312,529.14,3.5040e-20,3.6161e-20,3.6056e-20,3.7257e-20
2.34462,528.80,3.5080e-20,3.6194e-20,3.6132e-20,3.7329e-20
2.34612,528.46,3.5116e-20,3.6223e-20,3.6205e-20,3.7397e-20
2.34762,528.13,3.5151e-20,3.6249e-20,3.6275e-20,3.7461e-20
2.34912,527.79,3.5182e-20,3.6273e-20,3.6341e-20,3.7522e-20
2.35063,527.45,3.5211e-20,3.6293e-20,3.6405e-20,3.7580e-20
2.35213,527.12,3.5236e-20,3.6311e-20,3.6466e-20,3.7635e-20
2.35363,526.78,3.5260e-20,3.6325e-20,3.6525e-20,3.7687e-20
2.35513,526.44,3.5280e-20,3.6337e-20,3.6581e-20,3.7737e-20
2.35663,526.11,3.5297e-20,3.6345e-20,3.6634e-20,3.7784e-20
2.35813,525.77,3.5312e-20,3.6350e-20,3.6686e-20,3.7828e-20
2.35963,525.44,3.5323e-20,3.6353e-20,3.6734e-20,3.7870e-20
2.36113,525.10,3.5332e-20,3.6352e-20,3.6780e-20,3.7909e-20
2.36264,524.77,3.5338e-20,3.6348e-20,3.6824e-20,3.7944e-20
2.36414,524.44,3.5341e-20,3.6340e-20,3.6864e-20,3.7977e-20
2.36564,524.10,3.5341e-20,3.6330e-20,3.6902e-20,3.8006e-20
2.36714,523.77,3.5338e-20,3.6317e-20,3.6936e-20,3.8032e-20
2.36864,523.44,3.5332e-20,3.6301e-20,3.6966e-20,3.8054e-20
2.37014,523.11,3.5324e-20,3.6281e-20,3.6994e-20,3.8072e-20
2.37164,522.78,3.5312e-20,3.6259e-20,3.7017e-20,3.8087e-20
2.37314,522.45,3.5298e-20,3.6234e-20,3.7037e-20,3.8098e-20
2.37465,522.12,3.5282e-20,3.6206e-20,3.7054e-20,3.8105e-20
2.37615,521.79,3.5262e-20,3.6176e-20,3.7067e-20,3.8109e-20
2.37765,521.46,3.5240e-20,3.6142e-20,3.7077e-20,3.8109e-20
2.37915,521.13,3.5216e-20,3.6106e-20,3.7084e-20,3.8105e-20
2.38065,520.80,3.5189e-20,3.6067e-20,3.7088e-20,3.8099e-20
2.38215,520.47,3.5159e-20,3.6026e-20,3.7089e-20,3.8089e-20
2.38365,520.14,3.5127e-20,3.5982e-20,3.7087e-20,3.8077e-20
2.38515,519.82,3.5092e-20,3.5935e-20,3.7083e-20,3.8061e-20
2.38666,519.49,3.5055e-20,3.5885e-20,3.7076e-20,3.8043e-20
2.38816,519.16,3.5015e-20,3.5833e-20,3.7066e-20,3.8022e-20
2.38966,518.84,3.4972e-20,3.5778e-20,3.7053e-20,3.7998e-20
2.39116,518.51,3.4927e-20,3.5720e-20,3.7038e-20,3.7972e-20
2.39266,518.19,3.4879e-20,3.5660e-20,3.7020e-20,3.7942e-20
2.39416,517.86,3.4829e-20,3.5597e-20,3.7000e-20,3.7910e-20
2.39566,517.54,3.4776e-20,3.5531e-20,3.6976e-20,3.7874e-20
2.39716,517.21,3.4721e-20,3.5463e-20,3.6950e-20,3.7836e-20
2.39867,516.89,3.4663e-20,3.5392e-20,3.6920e-20,3.7794e-20
2.40017,516.56,3.4602e-20,3.5318e-20,3.6887e-20,3.7749e-20
2.40167,516.24,3.4539e-20,3.5242e-20,3.6851e-20,3.7700e-20
2.40317,515.92,3.4474e-20,3.5163e-20,3.6812e-20,3.7648e-20
2.40467,515.60,3.4406e-20,3.5082e-20,3.6769e-20,3.7593e-20
2.40617,515.28,3.4335e-20,3.4998e-20,3.6724e-20,3.7534e-20
2.40767,514.95,3.4263e-20,3.4912e-20,3.6675e-20,3.7473e-20
2.40917,514.63,3.4187e-20,3.4823e-20,3.6623e-20,3.7408e-20
2.41068,514.31,3.4110e-20,3.4732e-20,3.6569e-20,3.7340e-20
2.41218,513.99,3.4030e-20,3.4639e-20,3.6512e-20,3.7269e-20
2.41368,513.67,3.3948e-20,3.4543e-20,3.6452e-20,3.7196e-20
2.41518,513.35,3.3864e-20,3.4445e-20,3.6389e-20,3.7120e-20
2.41668,513.04,3.3778e-20,3.4345e-20,3.6324e-20,3.7042e-20
2.41818,512.72,3.3689e-20,3.4243e-20,3.6257e-20,3.6961e-20
2.41968,512.40,3.3599e-20,3.4139e-20,3.6187e-20,3.6877e-20
2.42118,512.08,3.3506e-20,3.4033e-20,3.6115e-20,3.6791e-20
2.42269,511.76,3.3412e-20,3.3925e-20,3.6041e-20,3.6703e-20
2.42419,511.45,3.3315e-20,3.3814e-20,3.5964e-20,3.6613e-20
2.42569,511.13,3.3217e-20,3.3702e-20,3.5886e-20,3.6520e-20
2.42719,510.81,3.3116e-20,3.3588e-20,3.5804e-20,3.6425e-20
2.42869,510.50,3.3014e-20,3.3472e-20,3.5721e-20,3.6327e-20
2.43019,510.18,3.2910e-20,3.3353e-20,3.5635e-20,3.6227e-20
2.43169,509.87,3.2803e-20,3.3233e-20,3.5546e-20,3.6124e-20
2.43319,509.55,3.2695e-20,3.3112e-20,3.5455e-20,3.6019e-20
2.43470,509.24,3.2585e-20,3.2988e-20,3.5362e-20,3.5912e-20
2.43620,508.93,3.2473e-20,3.2862e-20,3.5266e-20,3.5802e-20
2.43770,508.61,3.2359e-20,3.2735e-20,3.5167e-20,3.5689e-20
2.43920,508.30,3.2244e-20,3.2605e-20,3.5066e-20,3.5574e-20
2.44070,507.99,3.2126e-20,3.2474e-20,3.4963e-20,3.5456e-20
2.44220,507.67,3.2007e-20,3.2341e-20,3.4857e-20,3.5337e-20
2.44370,507.36,3.1885e-20,3.2206e-20,3.4749e-20,3.5214e-20
2.44520,507.05,3.1762e-20,3.2070e-20,3.4639e-20,3.5090e-20
2.44671,506.74,3.1638e-20,3.1931e-20,3.4527e-20,3.4963e-20
2.44821,506.43,3.1511e-20,3.1791e-20,3.4412e-20,3.4834e-20
2.44971,506.12,3.1383e-20,3.1650e-20,3.4296e-20,3.4704e-20
2.45121,505.81,3.1253e-20,3.1507e-20,3.4177e-20,3.4571e-20
2.45271,505.50,3.1122e-20,3.1362e-20,3.4056e-20,3.4436e-20
2.45421,505.19,3.0989e-20,3.1216e-20,3.3934e-20,3.4299e-20
2.45571,504.88,3.0855e-20,3.1069e-20,3.3809e-20,3.4160e-20
2.45721,504.57,3.0719e-20,3.0920e-20,3.3682e-20,3.4020e-20
2.45872,504.26,3.0582e-20,3.0770e-20,3.3554e-20,3.3877e-20
2.46022,503.96,3.0444e-20,3.0618e-20,3.3424e-20,3.3733e-20
2.46172,503.65,3.0304e-20,3.0466e-20,3.3292e-20,3.3588e-20
2.46322,503.34,3.0163e-20,3.0312e-20,3.3159e-20,3.3440e-20
2.46472,503.04,3.0020e-20,3.0157e-20,3.3023e-20,3.3291e-20
2.46622,502.73,2.9877e-20,3.0000e-20,3.2886e-20,3.3140e-20
2.46772,502.42,2.9732e-20,2.9843e-20,3.2747e-20,3.2988e-20
2.46922,502.12,2.9586e-20,2.9685e-20,3.2607e-20,3.2834e-20
2.47073,501.81,2.9439e-20,2.9525e-20,3.2465e-20,3.2678e-20
2.47223,501.51,2.9290e-20,2.9365e-20,3.2322e-20,3.2521e-20
2.47373,501.20,2.9141e-20,2.9203e-20,3.2176e-20,3.2362e-20
2.47523,500.90,2.8991e-20,2.9040e-20,3.2030e-20,3.2202e-20
2.47673,500.60,2.8839e-20,2.8877e-20,3.1881e-20,3.2041e-20
2.47823,500.29,2.8686e-20,2.8712e-20,3.1732e-20,3.1878e-20
2.47973,499.99,2.8533e-20,2.8547e-20,3.1581e-20,3.1714e-20
2.48123,499.69,2.8378e-20,2.8381e-20,3.1428e-20,3.1548e-20
2.48274,499.39,2.8223e-20,2.8214e-20,3.1274e-20,3.1381e-20
2.48424,499.08,2.8066e-20,2.8046e-20,3.1118e-20,3.1213e-20
2.48574,498.78,2.7909e-20,2.7877e-20,3.0962e-20,3.1043e-20
2.48724,498.48,2.7751e-20,2.7707e-20,3.0803e-20,3.0872e-20
2.48874,498.18,2.7591e-20,2.7537e-20,3.0644e-20,3.0700e-20
2.49024,497.88,2.7432e-20,2.7366e-20,3.0483e-20,3.0527e-20
2.49174,497.58,2.7271e-20,2.7195e-20,3.0322e-20,3.0353e-20
2.49324,497.28,2.7109e-20,2.7022e-20,3.0159e-20,3.0178e-20
2.49475,496.98,2.6947e-20,2.6850e-20,2.9995e-20,3.0001e-20
2.49625,496.68,2.6784e-20,2.6676e-20,2.9829e-20,2.9824e-20
2.49775,496.38,2.6620e-20,2.6502e-20,2.9663e-20,2.9646e-20
2.49925,496.09,2.6456e-20,2.6327e-20,2.9496e-20,2.9467e-20
2.50075,495.79,2.6291e-20,2.6152e-20,2.9328e-20,2.9287e-20
2.50225,495.49,2.6125e-20,2.5977e-20,2.9159e-20,2.9107e-20
2.50375,495.19,2.5959e-20,2.5800e-20,2.8989e-20,2.8926e-20
2.50525,494.90,2.5793e-20,2.5624e-20,2.8818e-20,2.8743e-20
2.50676,494.60,2.5625e-20,2.5447e-20,2.8647e-20,2.8561e-20
2.50826,494.30,2.5458e-20,2.5270e-20,2.8475e-20,2.8377e-20
2.50976,494.01,2.5289e-20,2.5092e-20,2.8301e-20,2.8193e-20
2.51126,493.71,2.5121e-20,2.4914e-20,2.8127e-20,2.8008e-20
2.51276,493.42,2.4952e-20,2.4736e-20,2.7953e-20,2.7823e-20
2.51426,493.12,2.4782e-20,2.4558e-20,2.7777e-20,2.7637e-20
2.51576,492.83,2.4613e-20,2.4379e-20,2.7601e-20,2.7450e-20
2.51726,492.54,2.4443e-20,2.4201e-20,2.7424e-20,2.7263e-20
2.51877,492.24,2.4273e-20,2.4022e-20,2.7247e-20,2.7076e-20
2.52027,491.95,2.4102e-20,2.3843e-20,2.7069e-20,2.6887e-20
2.52177,491.66,2.3932e-20,2.3664e-20,2.6890e-20,2.6699e-20
2.52327,491.36,2.3761e-20,2.3485e-20,2.6711e-20,2.6510e-20
2.52477,491.07,2.3590e-20,2.3306e-20,2.6531e-20,2.6321e-20
2.52627,490.78,2.3419e-20,2.3127e-20,2.6351e-20,2.6131e-20
2.52777,490.49,2.3248e-20,2.2948e-20,2.6171e-20,2.5941e-20
2.52927,490.20,2.3077e-20,2.2769e-20,2.5990e-20,2.5751e-20
2.53078,489.91,2.2905e-20,2.2591e-20,2.5809e-20,2.5561e-20
2.53228,489.62,2.2734e-20,2.2412e-20,2.5627e-20,2.5370e-20
2.53378,489.33,2.2562e-20,2.2233e-20,2.5445e-20,2.5180e-20
2.53528,489.04,2.2391e-20,2.2055e-20,2.5263e-20,2.4989e-20
2.53678,488.75,2.2220e-20,2.1877e-20,2.5081e-20,2.4798e-20
2.53828,488.46,2.2048e-20,2.1698e-20,2.4898e-20,2.4607e-20
2.53978,488.17,2.1877e-20,2.1520e-20,2.4715e-20,2.4416e-20
2.54128,487.88,2.1706e-20,2.1343e-20,2.4532e-20,2.4225e-20
2.54279,487.59,2.1534e-20,2.1165e-20,2.4349e-20,2.4034e-20
2.54429,487.30,2.1363e-20,2.0988e-20,2.4166e-20,2.3843e-20
2.54579,487.02,2.1192e-20,2.0811e-20,2.3983e-20,2.3652e-20
2.54729,486.73,2.1022e-20,2.0634e-20,2.3799e-20,2.3462e-20
2.54879,486.44,2.0851e-20,2.0458e-20,2.3616e-20,2.3271e-20
2.55029,486.16,2.0681e-20,2.0282e-20,2.3432e-20,2.3080e-20
2.55179,485.87,2.0510e-20,2.0106e-20,2.3249e-20,2.2890e-20
2.55329,485.59,2.0340e-20,1.9930e-20,2.3066e-20,2.2699e-20
2.55480,485.30,2.0170e-20,1.9755e-20,2.2882e-20,2.2509e-20
2.55630,485.01,2.0001e-20,1.9580e-20,2.2699e-20,2.2320e-20
2.55780,484.73,1.9831e-20,1.9406e-20,2.2516e-20,2.2130e-20
2.55930,484.45,1.9662e-20,1.9232e-20,2.2333e-20,2.1941e-20
2.56080,484.16,1.9494e-20,1.9059e-20,2.2150e-20,2.1752e-20
2.56230,483.88,1.9325e-20,1.8886e-20,2.1968e-20,2.1563e-20
2.56380,483.59,1.9158e-20,1.8714e-20,2.1785e-20,2.1375e-20
2.56530,483.31,1.8990e-20,1.8542e-20,2.1603e-20,2.1187e-20
2.56681,483.03,1.8823e-20,1.8370e-20,2.1421e-20,2.1000e-20
2.56831,482.75,1.8656e-20,1.8200e-20,2.1240e-20,2.0813e-20
2.56981,482.46,1.8490e-20,1.8029e-20,2.1058e-20,2.0626e-20
2.57131,482.18,1.8324e-20,1.7860e-20,2.0877e-20,2.0440e-20
2.57281,481.90,1.8159e-20,1.7691e-20,2.0697e-20,2.0254e-20
2.57431,481.62,1.7994e-20,1.7523e-20,2.0516e-20,2.0069e-20
2.57581,481.34,1.7830e-20,1.7355e-20,2.0336e-20,1.9884e-20
2.57731,481.06,1.7666e-20,1.7188e-20,2.0156e-20,1.9700e-20
2.57882,480.78,1.7503e-20,1.7022e-20,1.9977e-20,1.9516e-20
2.58032,480.50,1.7341e-20,1.6856e-20,1.9798e-20,1.9333e-20
2.58182,480.22,1.7179e-20,1.6692e-20,1.9620e-20,1.9151e-20
2.58332,479.94,1.7018e-20,1.6527e-20,1.9442e-20,1.8969e-20
2.58482,479.66,1.6857e-20,1.6364e-20,1.9265e-20,1.8787e-20
2.58632,479.38,1.6697e-20,1.6201e-20,1.9088e-20,1.8607e-20
2.58782,479.11,1.6538e-20,1.6040e-20,1.8911e-20,1.8427e-20
2.58932,478.83,1.6379e-20,1.5878e-20,1.8736e-20,1.8247e-20
2.59083,478.55,1.6221e-20,1.5718e-20,1.8560e-20,1.8069e-20
2.59233,478.27,1.6063e-20,1.5559e-20,1.8386e-20,1.7891e-20
2.59383,478.00,1.5906e-20,1.5400e-20,1.8212e-20,1.7714e-20
2.59533,477.72,1.5750e-20,1.5242e-20,1.8038e-20,1.7537e-20
2.59683,477.44,1.5595e-20,1.5085e-20,1.7865e-20,1.7362e-20
2.59833,477.17,1.5440e-20,1.4928e-20,1.7693e-20,1.7187e-20
2.59983,476.89,1.5286e-20,1.4773e-20,1.7522e-20,1.7013e-20
2.60133,476.62,1.5133e-20,1.4618e-20,1.7351e-20,1.6840e-20
2.60284,476.34,1.4980e-20,1.4464e-20,1.7181e-20,1.6667e-20
2.60434,476.07,1.4828e-20,1.4311e-20,1.7011e-20,1.6495e-20
2.60584,475.79,1.4677e-20,1.4159e-20,1.6843e-20,1.6325e-20
2.60734,475.52,1.4527e-20,1.4008e-20,1.6675e-20,1.6155e-20
2.60884,475.25,1.4378e-20,1.3857e-20,1.6508e-20,1.5986e-20
2.61034,474.97,1.4229e-20,1.3708e-20,1.6341e-20,1.5818e-20
2.61184,474.70,1.4081e-20,1.3559e-20,1.6176e-20,1.5650e-20
2.61334,474.43,1.3934e-20,1.3411e-20,1.6011e-20,1.5484e-20
2.61485,474.15,1.3788e-20,1.3265e-20,1.5847e-20,1.5319e-20
2.61635,473.88,1.3642e-20,1.3119e-20,1.5684e-20,1.5154e-20
2.61785,473.61,1.3497e-20,1.2974e-20,1.5522e-20,1.4991e-20
2.61935,473.34,1.3354e-20,1.2830e-20,1.5360e-20,1.4828e-20
2.62085,473.07,1.3211e-20,1.2687e-20,1.5200e-20,1.4667e-20
2.62235,472.80,1.3069e-20,1.2544e-20,1.5040e-20,1.4506e-20
2.62385,472.53,1.2927e-20,1.2403e-20,1.4881e-20,1.4347e-20
2.62535,472.26,1.2787e-20,1.2263e-20,1.4723e-20,1.4188e-20
2.62686,471.99,1.2648e-20,1.2124e-20,1.4566e-20,1.4030e-20
2.62836,471.72,1.2509e-20,1.1986e-20,1.4409e-20,1.3874e-20
2.62986,471.45,1.2371e-20,1.1848e-20,1.4254e-20,1.3718e-20
2.63136,471.18,1.2235e-20,1.1712e-20,1.4100e-20,1.3563e-20
2.63286,470.91,1.2099e-20,1.1577e-20,1.3946e-20,1.3409e-20
2.63436,470.64,1.1964e-20,1.1442e-20,1.3793e-20,1.3257e-20
2.63586,470.37,1.1830e-20,1.1309e-20,1.3642e-20,1.3105e-20
2.63736,470.11,1.1697e-20,1.1177e-20,1.3491e-20,1.2954e-20
2.63887,469.84,1.1565e-20,1.1046e-20,1.3341e-20,1.2805e-20
2.64037,469.57,1.1434e-20,1.0915e-20,1.3192e-20,1.2656e-20
2.64187,469.31,1.1304e-20,1.0786e-20,1.3044e-20,1.2509e-20
2.64337,469.04,1.1174e-20,1.0658e-20,1.2897e-20,1.2362e-20
2.64487,468.77,1.1046e-20,1.0531e-20,1.2751e-20,1.2217e-20
2.64637,468.51,1.0919e-20,1.0405e-20,1.2606e-20,1.2072e-20
2.64787,468.24,1.0792e-20,1.0279e-20,1.2462e-20,1.1929e-20
2.64937,467.98,1.0667e-20,1.0155e-20,1.2319e-20,1.1787e-20
2.65088,467.71,1.0542e-20,1.0032e-20,1.2177e-20,1.1646e-20
2.65238,467.45,1.0418e-20,9.9099e-21,1.2036e-20,1.1506e-20
2.65388,467.18,1.0296e-20,9.7888e-21,1.1896e-20,1.1367e-20
2.65538,466.92,1.0174e-20,9.6686e-21,1.1757e-20,1.1229e-20
2.65688,466.65,1.0053e-20,9.5495e-21,1.1619e-20,1.1093e-20
2.65838,466.39,9.9334e-21,9.4314e-21,1.1482e-20,1.0957e-20
2.65988,466.13,9.8145e-21,9.3144e-21,1.1347e-20,1.0822e-20
2.66138,465.86,9.6966e-21,9.1983e-21,1.1212e-20,1.0689e-20
2.66289,465.60,9.5797e-21,9.0832e-21,1.1078e-20,1.0557e-20
2.66439,465.34,9.4637e-21,8.9692e-21,1.0945e-20,1.0426e-20
2.66589,465.08,9.3487e-21,8.8562e-21,1.0814e-20,1.0296e-20
2.66739,464.81,9.2346e-21,8.7441e-21,1.0683e-20,1.0167e-20
2.66889,464.55,9.1215e-21,8.6331e-21,1.0553e-20,1.0039e-20
2.67039,464.29,9.0093e-21,8.5231e-21,1.0425e-20,9.9121e-21
2.67189,464.03,8.8981e-21,8.4141e-21,1.0297e-20,9.7865e-21
2.67339,463.77,8.7879e-21,8.3061e-21,1.0171e-20,9.6620e-21
2.67490,463.51,8.6786e-21,8.1991e-21,1.0046e-20,9.5387e-21
2.67640,463.25,8.5703e-21,8.0931e-21,9.9213e-21,9.4164e-21
2.67790,462.99,8.4630e-21,7.9881e-21,9.7981e-21,9.2953e-21
2.67940,462.73,8.3566e-21,7.8841e-21,9.6759e-21,9.1753e-21
2.68090,462.47,8.2512e-21,7.7811e-21,9.5548e-21,9.0564e-21
2.68240,462.21,8.1467e-21,7.6791e-21,9.4347e-21,8.9385e-21
2.68390,461.95,8.0432e-21,7.5781e-21,9.3156e-21,8.8218e-21
2.68540,461.70,7.9406e-21,7.4781e-21,9.1976e-21,8.7062e-21
2.68691,461.44,7.8391e-21,7.3791e-21,9.0806e-21,8.5916e-21
2.68841,461.18,7.7384e-21,7.2811e-21,8.9647e-21,8.4781e-21
2.68991,460.92,7.6388e-21,7.1841e-21,8.8498e-21,8.3657e-21
2.69141,460.67,7.5401e-21,7.0880e-21,8.7360e-21,8.2544e-21
2.69291,460.41,7.4423e-21,6.9930e-21,8.6232e-21,8.1442e-21
2.69441,460.15,7.3455e-21,6.8989e-21,8.5114e-21,8.0350e-21
2.69591,459.90,7.2496e-21,6.8058e-21,8.4006e-21,7.9269e-21
2.69741,459.64,7.1547e-21,6.7136e-21,8.2909e-21,7.8199e-21
2.69892,459.39,7.0607e-21,6.6225e-21,8.1823e-21,7.7140e-21
2.70042,459.13,6.9676e-21,6.5322e-21,8.0747e-21,7.6091e-21
2.70192,458.87,6.8754e-21,6.4430e-21,7.9681e-21,7.5054e-21
2.70342,458.62,6.7842e-21,6.3546e-21,7.8625e-21,7.4026e-21
2.70492,458.37,6.6939e-21,6.2672e-21,7.7580e-21,7.3010e-21
2.70642,458.11,6.6045e-21,6.1808e-21,7.6546e-21,7.2004e-21
2.70792,457.86,6.5161e-21,6.0953e-21,7.5521e-21,7.1009e-21
2.70942,457.60,6.4285e-21,6.0107e-21,7.4507e-21,7.0024e-21
2.71093,457.35,6.3418e-21,5.9270e-21,7.3503e-21,6.9050e-21
2.71243,457.10,6.2561e-21,5.8442e-21,7.2510e-21,6.8086e-21
2.71393,456.84,6.1712e-21,5.7624e-21,7.1526e-21,6.7133e-21
2.71543,456.59,6.0872e-21,5.6815e-21,7.0553e-21,6.6190e-21
2.71693,456.34,6.0042e-21,5.6015e-21,6.9589e-21,6.5257e-21
2.71843,456.09,5.9220e-21,5.5223e-21,6.8636e-21,6.4335e-21
2.71993,455.84,5.8407e-21,5.4441e-21,6.7693e-21,6.3423e-21
2.72143,455.58,5.7602e-21,5.3667e-21,6.6759e-21,6.2520e-21
2.72294,455.33,5.6806e-21,5.2903e-21,6.5836e-21,6.1628e-21
2.72444,455.08,5.6019e-21,5.2147e-21,6.4922e-21,6.0747e-21
2.72594,454.83,5.5241e-21,5.1400e-21,6.4019e-21,5.9875e-21
2.72744,454.58,5.4471e-21,5.0661e-21,6.3125e-21,5.9013e-21
2.72894,454.33,5.3710e-21,4.9931e-21,6.2241e-21,5.8161e-21
2.73044,454.08,5.2957e-21,4.9209e-21,6.1366e-21,5.7319e-21
2.73194,453.83,5.2212e-21,4.8496e-21,6.0502e-21,5.6486e-21
2.73344,453.58,5.1476e-21,4.7791e-21,5.9647e-21,5.5664e-21
2.73495,453.33,5.0748e-21,4.7095e-21,5.8801e-21,5.4851e-21
2.73645,453.08,5.0028e-21,4.6407e-21,5.7965e-21,5.4047e-21
2.73795,452.84,4.9317e-21,4.5727e-21,5.7138e-21,5.3253e-21
2.73945,452.59,4.8613e-21,4.5055e-21,5.6321e-21,5.2469e-21
2.74095,452.34,4.7918e-21,4.4392e-21,5.5513e-21,5.1694e-21
2.74245,452.09,4.7231e-21,4.3736e-21,5.4714e-21,5.0928e-21
2.74395,451.85,4.6552e-21,4.3089e-21,5.3924e-21,5.0171e-21
2.74545,451.60,4.5881e-21,4.2450e-21,5.3143e-21,4.9423e-21
2.74696,451.35,4.5218e-21,4.1818e-21,5.2371e-21,4.8684e-21
2.74846,451.10,4.4563e-21,4.1195e-21,5.1608e-21,4.7954e-21
2.74996,450.86,4.3916e-21,4.0579e-21,5.0854e-21,4.7234e-21
2.75146,450.61,4.3276e-21,3.9971e-21,5.0109e-21,4.6521e-21
2.75296,450.37,4.2644e-21,3.9370e-21,4.9373e-21,4.5818e-21
2.75446,450.12,4.2019e-21,3.8777e-21,4.8645e-21,4.5124e-21
2.75596,449.88,4.1403e-21,3.8192e-21,4.7926e-21,4.4438e-21
2.75746,449.63,4.0793e-21,3.7614e-21,4.7216e-21,4.3761e-21
2.75897,449.39,4.0191e-21,3.7043e-21,4.6514e-21,4.3092e-21
2.76047,449.14,3.9597e-21,3.6480e-21,4.5821e-21,4.2432e-21
2.76197,448.90,3.9009e-21,3.5923e-21,4.5137e-21,4.1780e-21
2.76347,448.65,3.8429e-21,3.5374e-21,4.4460e-21,4.1137e-21
2.76497,448.41,3.7857e-21,3.4833e-21,4.3792e-21,4.0502e-21
2.76647,448.17,3.7291e-21,3.4298e-21,4.3133e-21,3.9875e-21
2.76797,447.92,3.6732e-21,3.3770e-21,4.2481e-21,3.9257e-21
2.76947,447.68,3.6181e-21,3.3249e-21,4.1838e-21,3.8646e-21
2.77098,447.44,3.5636e-21,3.2735e-21,4.1203e-21,3.8044e-21
2.77248,447.20,3.5099e-21,3.2228e-21,4.0576e-21,3.7449e-21
2.77398,446.95,3.4568e-21,3.1727e-21,3.9957e-21,3.6862e-21
2.77548,446.71,3.4044e-21,3.1234e-21,3.9345e-21,3.6283e-21
2.77698,446.47,3.3527e-21,3.0746e-21,3.8742e-21,3.5712e-21
2.77848,446.23,3.3016e-21,3.0266e-21,3.8146e-21,3.5148e-21
2.77998,445.99,3.2512e-21,2.9791e-21,3.7558e-21,3.4592e-21
2.78148,445.75,3.2014e-21,2.9324e-21,3.6977e-21,3.4044e-21
2.78299,445.51,3.1523e-21,2.8862e-21,3.6405e-21,3.3502e-21
2.78449,445.27,3.1038e-21,2.8407e-21,3.5839e-21,3.2969e-21
2.78599,445.03,3.0560e-21,2.7958e-21,3.5281e-21,3.2442e-21
2.78749,444.79,3.0088e-21,2.7515e-21,3.4731e-21,3.1923e-21
2.78899,444.55,2.9622e-21,2.7078e-21,3.4188e-21,3.1411e-21
2.79049,444.31,2.9162e-21,2.6647e-21,3.3652e-21,3.0907e-21
2.79199,444.07,2.8709e-21,2.6222e-21,3.3123e-21,3.0409e-21
2.79349,443.83,2.8261e-21,2.5803e-21,3.2601e-21,2.9918e-21
2.79500,443.59,2.7820e-21,2.5390e-21,3.2087e-21,2.9434e-21
2.79650,443.36,2.7384e-21,2.4982e-21,3.1579e-21,2.8957e-21
2.79800,443.12,2.6954e-21,2.4581e-21,3.1078e-21,2.8486e-21
2.79950,442.88,2.6531e-21,2.4185e-21,3.0584e-21,2.8022e-21
2.80100,442.64,2.6112e-21,2.3794e-21,3.0096e-21,2.7565e-21
2.80250,442.41,2.5700e-21,2.3409e-21,2.9615e-21,2.7114e-21
2.80400,442.17,2.5293e-21,2.3030e-21,2.9141e-21,2.6669e-21
2.80550,441.93,2.4892e-21,2.2656e-21,2.8673e-21,2.6231e-21
2.80701,441.70,2.4496e-21,2.2287e-21,2.8212e-21,2.5799e-21
2.80851,441.46,2.4106e-21,2.1923e-21,2.7757e-21,2.5373e-21
2.81001,441.22,2.3721e-21,2.1565e-21,2.7308e-21,2.4953e-21
2.81151,440.99,2.3342e-21,2.1212e-21,2.6866e-21,2.4539e-21
2.81301,440.75,2.2968e-21,2.0864e-21,2.6429e-21,2.4131e-21
2.81451,440.52,2.2599e-21,2.0521e-21,2.5999e-21,2.3730e-21
2.81601,440.28,2.2235e-21,2.0183e-21,2.5575e-21,2.3334e-21
2.81751,440.05,2.1876e-21,1.9850e-21,2.5157e-21,2.2944e-21
2.81902,439.81,2.1523e-21,1.9522e-21,2.4745e-21,2.2559e-21
2.82052,439.58,2.1174e-21,1.9198e-21,2.4338e-21,2.2181e-21
2.82202,439.35,2.0830e-21,1.8880e-21,2.3938e-21,2.1807e-21
2.82352,439.11,2.0491e-21,1.8566e-21,2.3543e-21,2.1440e-21
2.82502,438.88,2.0157e-21,1.8256e-21,2.3154e-21,2.1078e-21
2.82652,438.65,1.9828e-21,1.7952e-21,2.2770e-21,2.0721e-21
2.82802,438.41,1.9504e-21,1.7651e-21,2.2392e-21,2.0370e-21
2.82952,438.18,1.9184e-21,1.7356e-21,2.2020e-21,2.0023e-21
2.83103,437.95,1.8869e-21,1.7064e-21,2.1653e-21,1.9682e-21
2.83253,437.72,1.8558e-21,1.6777e-21,2.1291e-21,1.9347e-21
2.83403,437.48,1.8252e-21,1.6495e-21,2.0935e-21,1.9016e-21
2.83553,437.25,1.7951e-21,1.6216e-21,2.0583e-21,1.8690e-21
2.83703,437.02,1.7653e-21,1.5942e-21,2.0237e-21,1.8369e-21
2.83853,436.79,1.7361e-21,1.5672e-21,1.9896e-21,1.8053e-21
2.84003,436.56,1.7072e-21,1.5406e-21,1.9560e-21,1.7742e-21
2.84153,436.33,1.6788e-21,1.5144e-21,1.9229e-21,1.7436e-21
2.84304,436.10,1.6507e-21,1.4886e-21,1.8904e-21,1.7134e-21
2.84454,435.87,1.6231e-21,1.4632e-21,1.8583e-21,1.6837e-21
2.84604,435.64,1.5960e-21,1.4382e-21,1.8266e-21,1.6545e-21
2.84754,435.41,1.5692e-21,1.4135e-21,1.7955e-21,1.6258e-21
2.84904,435.18,1.5428e-21,1.3893e-21,1.7648e-21,1.5974e-21
2.85054,434.95,1.5168e-21,1.3654e-21,1.7346e-21,1.5696e-21
2.85204,434.72,1.4912e-21,1.3418e-21,1.7049e-21,1.5421e-21
2.85354,434.49,1.4659e-21,1.3187e-21,1.6756e-21,1.5151e-21
2.85505,434.26,1.4411e-21,1.2959e-21,1.6468e-21,1.4885e-21
2.85655,434.04,1.4166e-21,1.2734e-21,1.6183e-21,1.4624e-21
2.85805,433.81,1.3925e-21,1.2514e-21,1.5904e-21,1.4366e-21
2.85955,433.58,1.3688e-21,1.2296e-21,1.5628e-21,1.4112e-21
2.86105,433.35,1.3454e-21,1.2082e-21,1.5357e-21,1.3863e-21
2.86255,433.12,1.3224e-21,1.1871e-21,1.5090e-21,1.3617e-21
2.86405,432.90,1.2998e-21,1.1664e-21,1.4827e-21,1.3375e-21
2.86555,432.67,1.2774e-21,1.1460e-21,1.4568e-21,1.3137e-21
2.86706,432.44,1.2555e-21,1.1259e-21,1.4313e-21,1.2903e-21
2.86856,432.22,1.2338e-21,1.1061e-21,1.4062e-21,1.2673e-21
2.87006,431.99,1.2125e-21,1.0867e-21,1.3815e-21,1.2446e-21
2.87156,431.77,1.1916e-21,1.0675e-21,1.3572e-21,1.2223e-21
2.87306,431.54,1.1709e-21,1.0487e-21,1.3332e-21,1.2004e-21
2.87456,431.32,1.1506e-21,1.0301e-21,1.3097e-21,1.1788e-21
2.87606,431.09,1.1306e-21,1.0118e-21,1.2865e-21,1.1575e-21
2.87756,430.87,1.1108e-21,9.9388e-22,1.2637e-21,1.1367e-21
2.87907,430.64,1.0914e-21,9.7620e-22,1.2412e-21,1.1161e-21
2.88057,430.42,1.0724e-21,9.5880e-22,1.2191e-21,1.0959e-21
2.88207,430.19,1.0536e-21,9.4169e-22,1.1973e-21,1.0760e-21
2.88357,429.97,1.0351e-21,9.2485e-22,1.1759e-21,1.0564e-21
2.88507,429.74,1.0169e-21,9.0828e-22,1.1549e-21,1.0372e-21
2.88657,429.52,9.9893e-22,8.9199e-22,1.1341e-21,1.0182e-21
2.88807,429.30,9.8130e-22,8.7595e-22,1.1137e-21,9.9960e-22
2.88957,429.07,9.6394e-22,8.6018e-22,1.0936e-21,9.8128e-22
2.89108,428.85,9.4686e-22,8.4466e-22,1.0739e-21,9.6325e-22
2.89258,428.63,9.3005e-22,8.2940e-22,1.0544e-21,9.4553e-22
2.89408,428.41,9.1351e-22,8.1439e-22,1.0353e-21,9.2809e-22
2.89558,428.18,8.9724e-22,7.9962e-22,1.0165e-21,9.1095e-22
2.89708,427.96,8.8122e-22,7.8509e-22,9.9799e-22,8.9409e-22
2.89858,427.74,8.6546e-22,7.7080e-22,9.7978e-22,8.7751e-22
2.90008,427.52,8.4995e-22,7.5675e-22,9.6187e-22,8.6121e-22
2.90158,427.30,8.3469e-22,7.4292e-22,9.4426e-22,8.4519e-22
2.90309,427.08,8.1968e-22,7.2932e-22,9.2694e-22,8.2943e-22
2.90459,426.86,8.0491e-22,7.1595e-22,9.0990e-22,8.1395e-22
2.90609,426.64,7.9038e-22,7.0280e-22,8.9314e-22,7.9872e-22
2.90759,426.42,7.7608e-22,6.8986e-22,8.7667e-22,7.8375e-22
2.90909,426.20,7.6201e-22,6.7714e-22,8.6046e-22,7.6904e-22
2.91059,425.98,7.4818e-22,6.6463e-22,8.4452e-22,7.5457e-22
2.91209,425.76,7.3457e-22,6.5233e-22,8.2885e-22,7.4035e-22
2.91359,425.54,7.2118e-22,6.4024e-22,8.1343e-22,7.2636e-22
2.91510,425.32,7.0802e-22,6.2835e-22,7.9827e-22,7.1262e-22
2.91660,425.10,6.9507e-22,6.1666e-22,7.8336e-22,6.9910e-22
2.91810,424.88,6.8233e-22,6.0517e-22,7.6870e-22,6.8581e-22
2.91960,424.66,6.6981e-22,5.9387e-22,7.5428e-22,6.7275e-22
2.92110,424.44,6.5749e-22,5.8276e-22,7.4010e-22,6.5991e-22
2.92260,424.23,6.4538e-22,5.7184e-22,7.2616e-22,6.4729e-22
2.92410,424.01,6.3347e-22,5.6111e-22,7.1245e-22,6.3489e-22
2.92560,423.79,6.2176e-22,5.5055e-22,6.9898e-22,6.2270e-22
2.92711,423.57,6.1024e-22,5.4018e-22,6.8573e-22,6.1072e-22
2.92861,423.36,5.9891e-22,5.2998e-22,6.7271e-22,5.9894e-22
2.93011,423.14,5.8777e-22,5.1995e-22,6.5991e-22,5.8738e-22
2.93161,422.92,5.7681e-22,5.1009e-22,6.4733e-22,5.7601e-22
2.93311,422.71,5.6604e-22,5.0041e-22,6.3496e-22,5.6484e-22
2.93461,422.49,5.5545e-22,4.9088e-22,6.2281e-22,5.5387e-22
2.93611,422.27,5.4504e-22,4.8152e-22,6.1086e-22,5.4309e-22
2.93761,422.06,5.3481e-22,4.7232e-22,5.9912e-22,5.3250e-22
2.93912,421.84,5.2474e-22,4.6328e-22,5.8758e-22,5.2209e-22
2.94062,421.63,5.1485e-22,4.5440e-22,5.7624e-22,5.1186e-22
2.94212,421.41,5.0513e-22,4.4567e-22,5.6509e-22,5.0181e-22
2.94362,421.20,4.9557e-22,4.3709e-22,5.5413e-22,4.9193e-22
2.94512,420.98,4.8618e-22,4.2866e-22,5.4335e-22,4.8222e-22
2.94662,420.77,4.7695e-22,4.2038e-22,5.3277e-22,4.7269e-22
2.94812,420.55,4.6787e-22,4.1225e-22,5.2236e-22,4.6332e-22
2.94962,420.34,4.5895e-22,4.0425e-22,5.1213e-22,4.5411e-22
2.95113,420.13,4.5019e-22,3.9640e-22,5.0209e-22,4.4507e-22
2.95263,419.91,4.4157e-22,3.8868e-22,4.9221e-22,4.3618e-22
2.95413,419.70,4.3310e-22,3.8109e-22,4.8251e-22,4.2746e-22
2.95563,419.48,4.2478e-22,3.7364e-22,4.7298e-22,4.1889e-22
2.95713,419.27,4.1661e-22,3.6632e-22,4.6362e-22,4.1047e-22
2.95863,419.06,4.0857e-22,3.5913e-22,4.5443e-22,4.0221e-22
2.96013,418.85,4.0067e-22,3.5207e-22,4.4539e-22,3.9409e-22
2.96163,418.63,3.9291e-22,3.4512e-22,4.3652e-22,3.8613e-22
2.96314,418.42,3.8528e-22,3.3830e-22,4.2781e-22,3.7830e-22
2.96464,418.21,3.7779e-22,3.3161e-22,4.1925e-22,3.7062e-22
2.96614,418.00,3.7043e-22,3.2503e-22,4.1084e-22,3.6308e-22
2.96764,417.79,3.6319e-22,3.1857e-22,4.0259e-22,3.5567e-22
2.96914,417.58,3.5609e-22,3.1222e-22,3.9448e-22,3.4839e-22
2.97064,417.36,3.4911e-22,3.0599e-22,3.8651e-22,3.4125e-22
2.97214,417.15,3.4225e-22,2.9987e-22,3.7868e-22,3.3423e-22
2.97364,416.94,3.3552e-22,2.9386e-22,3.7100e-22,3.2734e-22
2.97515,416.73,3.2891e-22,2.8796e-22,3.6345e-22,3.2058e-22
2.97665,416.52,3.2241e-22,2.8217e-22,3.5603e-22,3.1393e-22
2.97815,416.31,3.1603e-22,2.7648e-22,3.4875e-22,3.0741e-22
2.97965,416.10,3.0977e-22,2.7090e-22,3.4159e-22,3.0100e-22
2.98115,415.89,3.0361e-22,2.6542e-22,3.3457e-22,2.9472e-22
2.98265,415.68,2.9757e-22,2.6003e-22,3.2768e-22,2.8854e-22
2.98415,415.48,2.9163e-22,2.5475e-22,3.2091e-22,2.8249e-22
2.98565,415.27,2.8580e-22,2.4956e-22,3.1426e-22,2.7654e-22
2.98716,415.06,2.8008e-22,2.4446e-22,3.0774e-22,2.7071e-22
2.98866,414.85,2.7446e-22,2.3946e-22,3.0134e-22,2.6499e-22
2.99016,414.64,2.6894e-22,2.3455e-22,2.9506e-22,2.5937e-22
2.99166,414.43,2.6352e-22,2.2973e-22,2.8889e-22,2.5386e-22
2.99316,414.22,2.5819e-22,2.2499e-22,2.8284e-22,2.4846e-22
2.99466,414.02,2.5297e-22,2.2035e-22,2.7690e-22,2.4315e-22
2.99616,413.81,2.4784e-22,2.1579e-22,2.7106e-22,2.3794e-22
2.99766,413.60,2.4280e-22,2.1132e-22,2.6534e-22,2.3283e-22
2.99917,413.40,2.3786e-22,2.0693e-22,2.5972e-22,2.2782e-22
3.00067,413.19,2.3301e-22,2.0262e-22,2.5420e-22,2.2289e-22
3.00217,412.98,2.2825e-22,1.9840e-22,2.4879e-22,2.1806e-22
3.00367,412.78,2.2358e-22,1.9426e-22,2.4347e-22,2.1332e-22
3.00517,412.57,2.1899e-22,1.9019e-22,2.3826e-22,2.0867e-22
3.00667,412.36,2.1450e-22,1.8620e-22,2.3314e-22,2.0411e-22
3.00817,412.16,2.1008e-22,1.8229e-22,2.2811e-22,1.9963e-22
3.00967,411.95,2.0575e-22,1.7845e-22,2.2319e-22,1.9524e-22
3.01118,411.75,2.0149e-22,1.7468e-22,2.1835e-22,1.9093e-22
3.01268,411.54,1.9732e-22,1.7098e-22,2.1361e-22,1.8671e-22
3.01418,411.34,1.9322e-22,1.6736e-22,2.0896e-22,1.8257e-22
3.01568,411.13,1.8921e-22,1.6380e-22,2.0440e-22,1.7851e-22
3.01718,410.93,1.8526e-22,1.6031e-22,1.9992e-22,1.7453e-22
3.01868,410.72,1.8139e-22,1.5689e-22,1.9554e-22,1.7062e-22
3.02018,410.52,1.7760e-22,1.5353e-22,1.9124e-22,1.6680e-22
3.02168,410.31,1.7387e-22,1.5024e-22,1.8702e-22,1.6305e-22
3.02319,410.11,1.7022e-22,1.4701e-22,1.8288e-22,1.5937e-22
3.02469,409.91,1.6664e-22,1.4384e-22,1.7883e-22,1.5577e-22
3.02619,409.70,1.6312e-22,1.4074e-22,1.7485e-22,1.5224e-22
3.02769,409.50,1.5968e-22,1.3770e-22,1.7095e-22,1.4877e-22
3.02919,409.30,1.5630e-22,1.3471e-22,1.6712e-22,1.4537e-22
3.03069,409.10,1.5299e-22,1.3179e-22,1.6337e-22,1.4204e-22
3.03219,408.89,1.4974e-22,1.2893e-22,1.5969e-22,1.3877e-22
3.03369,408.69,1.4655e-22,1.2612e-22,1.5608e-22,1.3557e-22
3.03520,408.49,1.4343e-22,1.2337e-22,1.5254e-22,1.3243e-22
3.03670,408.29,1.4037e-22,1.2067e-22,1.4907e-22,1.2936e-22
3.03820,408.08,1.3737e-22,1.1803e-22,1.4567e-22,1.2634e-22
3.03970,407.88,1.3442e-22,1.1544e-22,1.4234e-22,1.2339e-22
3.04120,407.68,1.3154e-22,1.1290e-22,1.3908e-22,1.2050e-22
3.04270,407.48,1.2871e-22,1.1041e-22,1.3588e-22,1.1766e-22
3.04420,407.28,1.2594e-22,1.0797e-22,1.3275e-22,1.1489e-22
3.04570,407.08,1.2322e-22,1.0558e-22,1.2968e-22,1.1217e-22
3.04721,406.88,1.2055e-22,1.0323e-22,1.2668e-22,1.0952e-22
3.04871,406.68,1.1794e-22,1.0094e-22,1.2373e-22,1.0691e-22
3.05021,406.48,1.1538e-22,9.8690e-23,1.2085e-22,1.0436e-22
3.05171,406.28,1.1287e-22,9.6487e-23,1.1802e-22,1.0187e-22
3.05321,406.08,1.1041e-22,9.4330e-23,1.1526e-22,9.9421e-23
3.05471,405.88,1.0800e-22,9.2217e-23,1.1255e-22,9.7027e-23
3.05621,405.68,1.0565e-22,9.0149e-23,1.0989e-22,9.4681e-23
3.05771,405.48,1.0333e-22,8.8124e-23,1.0729e-22,9.2384e-23
3.05922,405.28,1.0107e-22,8.6141e-23,1.0474e-22,9.0133e-23
3.06072,405.08,9.8856e-23,8.4200e-23,1.0224e-22,8.7929e-23
3.06222,404.88,9.6685e-23,8.2300e-23,9.9796e-23,8.5771e-23
3.06372,404.69,9.4559e-23,8.0440e-23,9.7400e-23,8.3658e-23
3.06522,404.49,9.2477e-23,7.8620e-23,9.5054e-23,8.1590e-23
3.06672,404.29,9.0438e-23,7.6837e-23,9.2758e-23,7.9566e-23
3.06822,404.09,8.8440e-23,7.5092e-23,9.0510e-23,7.7586e-23
3.06972,403.89,8.6484e-23,7.3383e-23,8.8311e-23,7.5650e-23
3.07123,403.70,8.4568e-23,7.1710e-23,8.6159e-23,7.3756e-23
3.07273,403.50,8.2691e-23,7.0072e-23,8.4054e-23,7.1905e-23
3.07423,403.30,8.0853e-23,6.8469e-23,8.1996e-23,7.0095e-23
3.07573,403.10,7.9053e-23,6.6900e-23,7.9982e-23,6.8325e-23
3.07723,402.91,7.7291e-23,6.5364e-23,7.8013e-23,6.6596e-23
3.07873,402.71,7.5566e-23,6.3861e-23,7.6086e-23,6.4904e-23
3.08023,402.52,7.3878e-23,6.2391e-23,7.4202e-23,6.3251e-23
3.08173,402.32,7.2226e-23,6.0953e-23,7.2358e-23,6.1634e-23
3.08324,402.12,7.0609e-23,5.9547e-23,7.0554e-23,6.0052e-23
3.08474,401.93,6.9027e-23,5.8172e-23,6.8789e-23,5.8505e-23
3.08624,401.73,6.7479e-23,5.6828e-23,6.7062e-23,5.6992e-23
3.08774,401.54,6.5965e-23,5.5513e-23,6.5372e-23,5.5512e-23
3.08924,401.34,6.4485e-23,5.4229e-23,6.3719e-23,5.4064e-23
3.09074,401.15,6.3036e-23,5.2973e-23,6.2102e-23,5.2649e-23
3.09224,400.95,6.1619e-23,5.1745e-23,6.0520e-23,5.1265e-23
3.09374,400.76,6.0233e-23,5.0544e-23,5.8974e-23,4.9913e-23
3.09525,400.56,5.8877e-23,4.9370e-23,5.7462e-23,4.8592e-23
3.09675,400.37,5.7550e-23,4.8223e-23,5.5985e-23,4.7302e-23
3.09825,400.18,5.6252e-23,4.7100e-23,5.4543e-23,4.6042e-23
3.09975,399.98,5.4982e-23,4.6003e-23,5.3134e-23,4.4813e-23
3.10125,399.79,5.3740e-23,4.4929e-23,5.1758e-23,4.3614e-23
3.10275,399.59,5.2525e-23,4.3880e-23,5.0415e-23,4.2444e-23
3.10425,399.40,5.1336e-23,4.2854e-23,4.9103e-23,4.1303e-23
3.10575,399.21,5.0173e-23,4.1852e-23,4.7823e-23,4.0189e-23
3.10726,399.02,4.9036e-23,4.0872e-23,4.6572e-23,3.9102e-23
3.10876,398.82,4.7925e-23,3.9915e-23,4.5351e-23,3.8041e-23
3.11026,398.63,4.6839e-23,3.8980e-23,4.4159e-23,3.7006e-23
3.11176,398.44,4.5777e-23,3.8067e-23,4.2994e-23,3.5995e-23
3.11326,398.25,4.4740e-23,3.7176e-23,4.1855e-23,3.5008e-23
3.11476,398.05,4.3727e-23,3.6305e-23,4.0743e-23,3.4043e-23
3.11626,397.86,4.2737e-23,3.5456e-23,3.9656e-23,3.3102e-23
3.11776,397.67,4.1770e-23,3.4627e-23,3.8595e-23,3.2183e-23
3.11927,397.48,4.0825e-23,3.3818e-23,3.7558e-23,3.1285e-23
3.12077,397.29,3.9902e-23,3.3028e-23,3.6546e-23,3.0409e-23
3.12227,397.10,3.9000e-23,3.2256e-23,3.5558e-23,2.9555e-23
3.12377,396.91,3.8119e-23,3.1503e-23,3.4593e-23,2.8722e-23
3.12527,396.72,3.7257e-23,3.0767e-23,3.3653e-23,2.7911e-23
3.12677,396.52,3.6416e-23,3.0049e-23,3.2736e-23,2.7120e-23
3.12827,396.33,3.5593e-23,2.9347e-23,3.1843e-23,2.6351e-23
3.12977,396.14,3.4789e-23,2.8662e-23,3.0972e-23,2.5601e-23
3.13128,395.95,3.4003e-23,2.7992e-23,3.0124e-23,2.4872e-23
3.13278,395.76,3.3235e-23,2.7339e-23,2.9298e-23,2.4162e-23
3.13428,395.57,3.2485e-23,2.6700e-23,2.8493e-23,2.3472e-23
3.13578,395.39,3.1752e-23,2.6078e-23,2.7708e-23,2.2799e-23
3.13728,395.20,3.1036e-23,2.5470e-23,2.6943e-23,2.2144e-23
3.13878,395.01,3.0338e-23,2.4877e-23,2.6198e-23,2.1506e-23
3.14028,394.82,2.9656e-23,2.4299e-23,2.5471e-23,2.0884e-23
3.14178,394.63,2.8991e-23,2.3736e-23,2.4761e-23,2.0278e-23
3.14329,394.44,2.8341e-23,2.3186e-23,2.4069e-23,1.9687e-23
3.14479,394.25,2.7708e-23,2.2651e-23,2.3394e-23,1.9111e-23
3.14629,394.06,2.7090e-23,2.2129e-23,2.2736e-23,1.8549e-23
3.14779,393.88,2.6487e-23,2.1621e-23,2.2094e-23,1.8002e-23
3.14929,393.69,2.5898e-23,2.1125e-23,2.1468e-23,1.7469e-23
3.15079,393.50,2.5323e-23,2.0641e-23,2.0858e-23,1.6950e-23
3.15229,393.31,2.4762e-23,2.0170e-23,2.0264e-23,1.6445e-23
3.15379,393.13,2.4215e-23,1.9709e-23,1.9686e-23,1.5955e-23
3.15530,392.94,2.3680e-23,1.9260e-23,1.9124e-23,1.5478e-23
3.15680,392.75,2.3157e-23,1.8822e-23,1.8578e-23,1.5016e-23
3.15830,392.57,2.2647e-23,1.8394e-23,1.8047e-23,1.4567e-23
3.15980,392.38,2.2149e-23,1.7977e-23,1.7531e-23,1.4131e-23
3.16130,392.19,2.1662e-23,1.7570e-23,1.7029e-23,1.3708e-23
3.16280,392.01,2.1187e-23,1.7173e-23,1.6541e-23,1.3298e-23
3.16430,391.82,2.0724e-23,1.6785e-23,1.6067e-23,1.2899e-23
3.16580,391.64,2.0271e-23,1.6408e-23,1.5606e-23,1.2512e-23
3.16731,391.45,1.9830e-23,1.6040e-23,1.5158e-23,1.2136e-23
3.16881,391.26,1.9400e-23,1.5682e-23,1.4721e-23,1.1770e-23
3.17031,391.08,1.8981e-23,1.5333e-23,1.4295e-23,1.1413e-23
3.17181,390.89,1.8572e-23,1.4994e-23,1.3881e-23,1.1067e-23
3.17331,390.71,1.8173e-23,1.4664e-23,1.3477e-23,1.0729e-23
3.17481,390.52,1.7785e-23,1.4342e-23,1.3084e-23,1.0401e-23
3.17631,390.34,1.7406e-23,1.4029e-23,1.2701e-23,1.0081e-23
3.17781,390.16,1.7037e-23,1.3724e-23,1.2328e-23,9.7702e-24
3.17932,389.97,1.6677e-23,1.3427e-23,1.1966e-23,9.4685e-24
3.18082,389.79,1.6325e-23,1.3137e-23,1.1614e-23,9.1757e-24
3.18232,389.60,1.5982e-23,1.2855e-23,1.1272e-23,8.8919e-24
3.18382,389.42,1.5648e-23,1.2579e-23,1.0940e-23,8.6170e-24
3.18532,389.24,1.5320e-23,1.2310e-23,1.0619e-23,8.3511e-24
3.18682,389.05,1.5001e-23,1.2048e-23,1.0307e-23,8.0939e-24
3.18832,388.87,1.4689e-23,1.1792e-23,1.0005e-23,7.8453e-24
3.18982,388.69,1.4385e-23,1.1542e-23,9.7123e-24,7.6048e-24
3.19133,388.50,1.4088e-23,1.1299e-23,9.4286e-24,7.3722e-24
3.19283,388.32,1.3798e-23,1.1061e-23,9.1535e-24,7.1471e-24
3.19433,388.14,1.3515e-23,1.0830e-23,8.8865e-24,6.9288e-24
3.19583,387.96,1.3239e-23,1.0605e-23,8.6271e-24,6.7171e-24
3.19733,387.77,1.2970e-23,1.0386e-23,8.3750e-24,6.5116e-24
3.19883,387.59,1.2709e-23,1.0173e-23,8.1297e-24,6.3118e-24
3.20033,387.41,1.2454e-23,9.9661e-24,7.8909e-24,6.1175e-24
3.20183,387.23,1.2205e-23,9.7646e-24,7.6585e-24,5.9285e-24
3.20334,387.05,1.1963e-23,9.5687e-24,7.4324e-24,5.7448e-24
3.20484,386.87,1.1727e-23,9.3780e-24,7.2124e-24,5.5662e-24
3.20634,386.68,1.1497e-23,9.1924e-24,6.9986e-24,5.3928e-24
3.20784,386.50,1.1273e-23,9.0115e-24,6.7910e-24,5.2248e-24
3.20934,386.32,1.1054e-23,8.8352e-24,6.5897e-24,5.0621e-24
3.21084,386.14,1.0840e-23,8.6632e-24,6.3948e-24,4.9049e-24
3.21234,385.96,1.0631e-23,8.4953e-24,6.2062e-24,4.7533e-24
3.21384,385.78,1.0427e-23,8.3313e-24,6.0239e-24,4.6072e-24
3.21535,385.60,1.0228e-23,8.1712e-24,5.8478e-24,4.4664e-24
3.21685,385.42,1.0033e-23,8.0148e-24,5.6779e-24,4.3310e-24
3.21835,385.24,9.8424e-24,7.8620e-24,5.5137e-24,4.2006e-24
3.21985,385.06,9.6564e-24,7.7130e-24,5.3550e-24,4.0750e-24
3.22135,384.88,9.4748e-24,7.5677e-24,5.2015e-24,3.9537e-24
3.22285,384.70,9.2976e-24,7.4261e-24,5.0528e-24,3.8366e-24
3.22435,384.52,9.1249e-24,7.2883e-24,4.9086e-24,3.7231e-24
3.22585,384.35,8.9565e-24,7.1542e-24,4.7685e-24,3.6130e-24
3.22736,384.17,8.7924e-24,7.0237e-24,4.6323e-24,3.5060e-24
3.22886,383.99,8.6326e-24,6.8970e-24,4.4997e-24,3.4018e-24
3.23036,383.81,8.4770e-24,6.7737e-24,4.3706e-24,3.3005e-24
3.23186,383.63,8.3253e-24,6.6538e-24,4.2449e-24,3.2019e-24
3.23336,383.45,8.1774e-24,6.5372e-24,4.1226e-24,3.1061e-24
3.23486,383.28,8.0332e-24,6.4236e-24,4.0039e-24,3.0131e-24
3.23636,383.10,7.8924e-24,6.3128e-24,3.8887e-24,2.9230e-24
3.23786,382.92,7.7548e-24,6.2047e-24,3.7772e-24,2.8361e-24
3.23937,382.74,7.6202e-24,6.0990e-24,3.6695e-24,2.7524e-24
3.24087,382.56,7.4885e-24,5.9956e-24,3.5657e-24,2.6720e-24
3.24237,382.39,7.3596e-24,5.8945e-24,3.4657e-24,2.5950e-24
3.24387,382.21,7.2334e-24,5.7955e-24,3.3696e-24,2.5212e-24
3.24537,382.03,7.1098e-24,5.6985e-24,3.2772e-24,2.4507e-24
3.24687,381.86,6.9889e-24,5.6037e-24,3.1883e-24,2.3832e-24
3.24837,381.68,6.8705e-24,5.5109e-24,3.1027e-24,2.3184e-24
3.24987,381.50,6.7549e-24,5.4204e-24,3.0202e-24,2.2563e-24
3.25138,381.33,6.6419e-24,5.3320e-24,2.9404e-24,2.1963e-24
3.25288,381.15,6.5316e-24,5.2459e-24,2.8630e-24,2.1383e-24
3.25438,380.98,6.4240e-24,5.1621e-24,2.7878e-24,2.0819e-24
3.25588,380.80,6.3191e-24,5.0806e-24,2.7146e-24,2.0271e-24
3.25738,380.63,6.2169e-24,5.0013e-24,2.6433e-24,1.9735e-24
3.25888,380.45,6.1173e-24,4.9242e-24,2.5736e-24,1.9212e-24
3.26038,380.27,6.0201e-24,4.8491e-24,2.5057e-24,1.8702e-24
3.26188,380.10,5.9253e-24,4.7760e-24,2.4395e-24,1.8204e-24
3.26339,379.92,5.8327e-24,4.7048e-24,2.3751e-24,1.7721e-24
3.26489,379.75,5.7421e-24,4.6351e-24,2.3127e-24,1.7253e-24
3.26639,379.58,5.6534e-24,4.5670e-24,2.2524e-24,1.6802e-24
3.26789,379.40,5.5664e-24,4.5002e-24,2.1944e-24,1.6370e-24
3.26939,379.23,5.4811e-24,4.4346e-24,2.1386e-24,1.5958e-24
3.27089,379.05,5.3973e-24,4.3702e-24,2.0853e-24,1.5566e-24
3.27239,378.88,5.3150e-24,4.3069e-24,2.0343e-24,1.5195e-24
3.27389,378.71,5.2342e-24,4.2447e-24,1.9855e-24,1.4843e-24
3.27540,378.53,5.1549e-24,4.1836e-24,1.9390e-24,1.4509e-24
3.27690,378.36,5.0770e-24,4.1236e-24,1.8944e-24,1.4192e-24
3.27840,378.19,5.0008e-24,4.0650e-24,1.8515e-24,1.3890e-24
3.27990,378.01,4.9261e-24,4.0076e-24,1.8102e-24,1.3598e-24
3.28140,377.84,4.8532e-24,3.9515e-24,1.7701e-24,1.3317e-24
3.28290,377.67,4.7819e-24,3.8969e-24,1.7310e-24,1.3042e-24
3.28440,377.49,4.7123e-24,3.8437e-24,1.6929e-24,1.2773e-24
3.28590,377.32,4.6444e-24,3.7919e-24,1.6555e-24,1.2508e-24
3.28741,377.15,4.5781e-24,3.7415e-24,1.6188e-24,1.2247e-24
3.28891,376.98,4.5134e-24,3.6924e-24,1.5828e-24,1.1990e-24
3.29041,376.80,4.4501e-24,3.6444e-24,1.5475e-24,1.1738e-24
3.29191,376.63,4.3881e-24,3.5975e-24,1.5132e-24,1.1492e-24
3.29341,376.46,4.3274e-24,3.5516e-24,1.4799e-24,1.1253e-24
3.29491,376.29,4.2677e-24,3.5064e-24,1.4478e-24,1.1024e-24
3.29641,376.12,4.2090e-24,3.4619e-24,1.4169e-24,1.0806e-24
3.29791,375.95,4.1511e-24,3.4181e-24,1.3875e-24,1.0601e-24
3.29942,375.78,4.0941e-24,3.3747e-24,1.3596e-24,1.0408e-24
3.30092,375.61,4.0379e-24,3.3319e-24,1.3332e-24,1.0228e-24
3.30242,375.43,3.9824e-24,3.2896e-24,1.3083e-24,1.0061e-24
3.30392,375.26,3.9277e-24,3.2478e-24,1.2847e-24,9.9055e-25
3.30542,375.09,3.8739e-24,3.2067e-24,1.2623e-24,9.7599e-25
3.30692,374.92,3.8210e-24,3.1662e-24,1.2409e-24,9.6222e-25
3.30842,374.75,3.7690e-24,3.1265e-24,1.2203e-24,9.4905e-25
3.30992,374.58,3.7181e-24,3.0876e-24,1.2003e-24,9.3625e-25
3.31143,374.41,3.6683e-24,3.0496e-24,1.1806e-24,9.2364e-25
3.31293,374.24,3.6196e-24,3.0126e-24,1.1613e-24,9.1108e-25
3.31443,374.07,3.5719e-24,2.9764e-24,1.1421e-24,8.9848e-25
3.31593,373.90,3.5253e-24,2.9411e-24,1.1231e-24,8.8581e-25
3.31743,373.74,3.4797e-24,2.9066e-24,1.1042e-24,8.7310e-25
3.31893,373.57,3.4350e-24,2.8728e-24,1.0855e-24,8.6044e-25
3.32043,373.40,3.3911e-24,2.8397e-24,1.0672e-24,8.4796e-25
3.32193,373.23,3.3479e-24,2.8071e-24,1.0494e-24,8.3583e-25
3.32344,373.06,3.3053e-24,2.7749e-24,1.0322e-24,8.2421e-25
3.32494,372.89,3.2632e-24,2.7429e-24,1.0159e-24,8.1326e-25
3.32644,372.72,3.2216e-24,2.7112e-24,1.0004e-24,8.0309e-25
3.32794,372.56,3.1803e-24,2.6797e-24,9.8596e-25,7.9380e-25
3.32944,372.39,3.1393e-24,2.6484e-24,9.7249e-25,7.8541e-25
3.33094,372.22,3.0987e-24,2.6172e-24,9.5998e-25,7.7787e-25
3.33244,372.05,3.0586e-24,2.5863e-24,9.4835e-25,7.7110e-25
3.33394,371.88,3.0189e-24,2.5556e-24,9.3746e-25,7.6495e-25
3.33545,371.72,2.9797e-24,2.5253e-24,9.2714e-25,7.5925e-25
3.33695,371.55,2.9411e-24,2.4954e-24,9.1721e-25,7.5382e-25
3.33845,371.38,2.9031e-24,2.4660e-24,9.0750e-25,7.4846e-25
3.33995,371.22,2.8659e-24,2.4372e-24,8.9783e-25,7.4301e-25
3.34145,371.05,2.8294e-24,2.4090e-24,8.8808e-25,7.3735e-25
3.34295,370.88,2.7936e-24,2.3815e-24,8.7818e-25,7.3139e-25
3.34445,370.72,2.7585e-24,2.3544e-24,8.6810e-25,7.2512e-25
3.34595,370.55,2.7241e-24,2.3280e-24,8.5788e-25,7.1857e-25
3.34746,370.38,2.6903e-24,2.3020e-24,8.4758e-25,7.1185e-25
3.34896,370.22,2.6569e-24,2.2763e-24,8.3734e-25,7.0506e-25
3.35046,370.05,2.6240e-24,2.2509e-24,8.2729e-25,6.9839e-25
3.35196,369.89,2.5914e-24,2.2257e-24,8.1759e-25,6.9198e-25
3.35346,369.72,2.5590e-24,2.2005e-24,8.0837e-25,6.8598e-25
3.35496,369.55,2.5267e-24,2.1754e-24,7.9975e-25,6.8052e-25
3.35646,369.39,2.4947e-24,2.1503e-24,7.9179e-25,6.7568e-25
3.35796,369.22,2.4627e-24,2.1251e-24,7.8454e-25,6.7148e-25
3.35947,369.06,2.4308e-24,2.0999e-24,7.7795e-25,6.6789e-25
3.36097,368.89,2.3992e-24,2.0748e-24,7.7195e-25,6.6483e-25
3.36247,368.73,2.3677e-24,2.0497e-24,7.6641e-25,6.6218e-25
3.36397,368.57,2.3366e-24,2.0248e-24,7.6120e-25,6.5977e-25
3.36547,368.40,2.3059e-24,2.0002e-24,7.5613e-25,6.5742e-25
3.36697,368.24,2.2755e-24,1.9759e-24,7.5105e-25,6.5498e-25
3.36847,368.07,2.2457e-24,1.9520e-24,7.4580e-25,6.5229e-25
3.36997,367.91,2.2164e-24,1.9286e-24,7.4029e-25,6.4923e-25
3.37148,367.74,2.1876e-24,1.9055e-24,7.3444e-25,6.4574e-25
3.37298,367.58,2.1593e-24,1.8829e-24,7.2824e-25,6.4181e-25
3.37448,367.42,2.1315e-24,1.8607e-24,7.2172e-25,6.3747e-25
3.37598,367.25,2.1041e-24,1.8388e-24,7.1495e-25,6.3282e-25
3.37748,367.09,2.0770e-24,1.8170e-24,7.0807e-25,6.2799e-25
3.37898,366.93,2.0502e-24,1.7955e-24,7.0119e-25,6.2311e-25
3.38048,366.76,2.0235e-24,1.7739e-24,6.9448e-25,6.1835e-25
3.38198,366.60,1.9969e-24,1.7524e-24,6.8806e-25,6.1385e-25
3.38349,366.44,1.9704e-24,1.7308e-24,6.8205e-25,6.0973e-25
3.38499,366.28,1.9439e-24,1.7090e-24,6.7651e-25,6.0607e-25
3.38649,366.11,1.9173e-24,1.6872e-24,6.7147e-25,6.0288e-25
3.38799,365.95,1.8908e-24,1.6653e-24,6.6692e-25,6.0015e-25
3.38949,365.79,1.8644e-24,1.6433e-24,6.6277e-25,5.9779e-25
3.39099,365.63,1.8381e-24,1.6213e-24,6.5892e-25,5.9570e-25
3.39249,365.47,1.8120e-24,1.5994e-24,6.5522e-25,5.9373e-25
3.39399,365.30,1.7862e-24,1.5778e-24,6.5154e-25,5.9171e-25
3.39550,365.14,1.7607e-24,1.5563e-24,6.4771e-25,5.8949e-25
3.39700,364.98,1.7356e-24,1.5352e-24,6.4362e-25,5.8694e-25
3.39850,364.82,1.7109e-24,1.5144e-24,6.3914e-25,5.8394e-25
3.40000,364.66,1.6866e-24,1.4940e-24,6.3424e-25,5.8045e-25
