r_ox_A,r_oh_A,theta_deg,ncas,nelecas,conv_cas,proj_last_in,proj_first_out,e_T_eV,spread_cm,gap_next_eV,f1,f2,f3,f_sum,mu2_au,status,wall_s
1.66,0.9646,102.02,7,12,False,0.307,0.0,3.80383,73.6,0.7069,2.632186063509244e-08,4.947143327862594e-07,3.8676910744920655e-05,3.919794693834201e-05,0.00042061495699419166,ok,173.7
1.71,0.9646,102.02,7,12,True,0.2746,0.0,3.54635,75.1,0.7077,3.196487326161988e-08,1.275134766754981e-06,2.9508174295839595e-05,3.081527393585619e-05,0.0003546716425896632,ok,122.9
1.76,0.9646,102.02,7,12,False,0.2445,0.0,3.28519,75.5,0.7066,3.683544946471481e-08,2.1545436974520986e-06,2.1480506090948504e-05,2.367188523786532e-05,0.0002941129332240377,ok,181.3
1.81,0.9646,102.02,7,12,False,0.2169,0.0,3.02523,75.4,0.7052,4.1643072670210016e-08,2.9545539896592385e-06,1.4641117087927621e-05,1.763731415025707e-05,0.0002379663629409245,ok,214.7
1.86,0.9646,102.02,7,12,False,0.1917,0.0,2.76936,75.1,0.7026,4.646698824699333e-08,3.4690511610502152e-06,9.311349457931613e-06,1.2826867607228822e-05,0.00018905253138962113,ok,215.9
1.91,0.9646,102.02,7,12,False,0.169,0.0,2.52237,74.9,0.6962,4.797519898608033e-08,3.627401275637769e-06,5.640655821831504e-06,9.316032296455353e-06,0.00015075222063851422,ok,222.3
1.96,0.9646,102.02,7,12,False,0.1486,0.0,2.28474,75.4,0.6833,4.7228007211445076e-08,3.4562152957232384e-06,3.288740696970576e-06,6.79218399990526e-06,0.0001213427704276817,ok,221.3
2.01,0.9646,102.02,7,12,False,0.1303,0.0,2.05719,76.8,0.6624,4.569341995141105e-08,3.0306282265900465e-06,1.9011350687512154e-06,4.977456715292673e-06,9.875840991122991e-05,ok,222.3
1.8357,0.9646,102.02,7,12,False,0.2036,0.0,2.89326,75.2,0.7042,4.406301485342985e-08,3.267764971582603e-06,1.1712111339612103e-05,1.5023939326048137e-05,0.00021195209117764077,ok,214.4
1.8357,0.9646,90.0,7,12,False,0.1972,0.0,2.90197,69.7,0.7116,7.015120510906754e-08,1.761495541055858e-06,1.141784599065079e-05,1.3249492736815715e-05,0.00018635818874785756,ok,219.9
1.8357,0.9646,115.0,7,12,False,0.2104,0.0,2.79497,82.4,0.6777,3.2483871755818984e-08,5.086387703060984e-06,1.0695623597901905e-05,1.5814495172718707e-05,0.00023095133551599822,ok,214.7
