r_A,e_uccsdt_Ha,e_nevpt2_Ha,ncas,nelecas,conv,e_x_uccsdt_Ha,e_x_nevpt2_Ha
0.7,-75.56920884329679,-75.53812168560626,5,7,True,-2604.691545541072,-2604.6658118492664
0.725,-75.60038669163903,-75.5695844518081,5,7,True,-2604.691545541072,-2604.6658118492664
0.75,-75.62573406844423,-75.59520666784339,5,7,True,-2604.691545541072,-2604.6658118492664
0.775,-75.64614694671944,-75.6158838154118,5,7,True,-2604.691545541072,-2604.6658118492664
0.8,-75.66238026397875,-75.63236944874583,5,7,True,-2604.691545541072,-2604.6658118492664
0.825,-75.67507180520535,-75.64530060498197,5,7,True,-2604.691545541072,-2604.6658118492664
0.85,-75.6847618238843,-75.6552150885802,5,7,True,-2604.691545541072,-2604.6658118492664
0.875,-75.6919084185639,-75.66257082286491,5,7,True,-2604.691545541072,-2604.6658118492664
0.9,-75.69690110057455,-75.66775504509528,5,7,True,-2604.691545541072,-2604.6658118492664
0.925,-75.7000713155778,-75.67109658780048,5,7,True,-2604.691545541072,-2604.6658118492664
0.95,-75.70170165380308,-75.67287454845862,5,7,True,-2604.691545541072,-2604.6658118492664
0.975,-75.70203338126251,-75.673331243274,5,7,True,-2604.691545541072,-2604.6658118492664
1.0,-75.70127296536116,-75.67267535400694,5,7,True,-2604.691545541072,-2604.6658118492664
1.025,-75.69959737773874,-75.67108530976108,5,7,True,-2604.691545541072,-2604.6658118492664
1.05,-75.69715861197199,-75.6687148107669,5,7,True,-2604.691545541072,-2604.6658118492664
1.075,-75.69408748091672,-75.66569705179744,5,7,True,-2604.691545541072,-2604.6658118492664
1.1,-75.69049679725485,-75.6621410759919,5,7,True,-2604.691545541072,-2604.6658118492664
1.125,-75.68648394367018,-75.65814268025655,5,7,True,-2604.691545541072,-2604.6658118492664
1.15,-75.68213309360438,-75.6537860323114,5,7,True,-2604.691545541072,-2604.6658118492664
1.175,-75.67751703100689,-75.64914591967548,5,7,True,-2604.691545541072,-2604.6658118492664
1.2,-75.67269871329468,-75.64428793754699,5,7,True,-2604.691545541072,-2604.6658118492664
1.225,-75.66773257770592,-75.6392685204004,5,7,True,-2604.691545541072,-2604.6658118492664
1.25,-75.66266566904706,-75.63413718299863,5,7,True,-2604.691545541072,-2604.6658118492664
1.275,-75.65753861357449,-75.62893639841818,5,7,True,-2604.691545541072,-2604.6658118492664
1.3,-75.65238645924146,-75.62370394744906,5,7,True,-2604.691545541072,-2604.6658118492664
1.325,-75.64723940214293,-75.61847194896738,5,7,True,-2604.691545541072,-2604.6658118492664
1.35,-75.6421234196033,-75.61326888964908,5,7,True,-2604.691545541072,-2604.6658118492664
1.375,-75.63706082843571,-75.60811909795784,5,7,True,-2604.691545541072,-2604.6658118492664
1.4,-75.63207076650696,-75.60304363244926,5,7,True,-2604.691545541072,-2604.6658118492664
