basis,r_ox_A,nbf,t1_s,e_hf_Ha,e_ccsd_Ha,e_ccsdt_Ha,omega_app_eV,w1_app,root0_sym,gap_any_eV,gap_app_eV,status,wall_s,omega1_eV,sym1,w1_1,omega2_eV,sym2,w1_2,omega3_eV,sym3,w1_3,omega4_eV,sym4,w1_4,omega5_eV,sym5,w1_5,omega6_eV,sym6,w1_6
cc-pvtz-dk,2.2,87,0.00833459885325895,-2679.86831643945,-2680.4241340936237,-2680.4495508470586,1.3026978750229448,0.9235,"A""",0.6231982192153143,1.5291009567311564,ok,334.35,1.3026978750229448,"A""",0.9235,1.925896094238259,A',0.9264,2.6429490101888,A',0.9584,2.831798831754101,"A""",0.9002,6.39487528643581,A',0.9106,7.5953219200432,"A""",0.0014
cc-pvtz-dk,2.25,87,0.008729132653456022,-2679.859921095689,-2680.418039910681,-2680.444399038175,1.153922869751462,0.9186,"A""",0.5738923555959597,1.38316057092247,ok,349.94,1.153922869751462,"A""",0.9186,1.7278152253474217,A',0.9245,2.2914874536869205,A',0.9543,2.537083440673932,"A""",0.8939,6.124207767758739,A',0.9062,7.14550646255095,"A""",0.0012
cc-pvtz-dk,2.0,87,0.007040362469594204,-2679.8991877302296,-2680.44674609772,-2680.4691222204906,2.0583002110677233,0.9394,"A""",0.7672674274986144,2.2896794619402985,ok,446.99,2.0583002110677233,"A""",0.9394,2.825567638566338,A',0.9418,4.347979673008021,"A""",0.9209,4.417546856481355,A',0.9605,7.841572442852108,A',0.9256,8.047107998260861,"A""",0.932
cc-pvtz-dk,1.6,87,0.005482583578334372,-2679.8894063070643,-2680.425246408611,-2680.4437881478934,4.080267615580441,0.9571,"A""",0.8991295014955015,3.161451419233289,ok,459.84,4.080267615580441,"A""",0.9571,4.979397117075942,A',0.9607,7.24171903481373,"A""",0.9462,8.328866867040299,A',0.9457,9.318307492353915,"A""",0.934,9.496847206617586,A',0.9493
cc-pvtz-dk,2.9,87,0.015868418631492853,-2679.763171835331,-2680.3581232820675,-2680.404331788611,0.20882224257781262,0.8301,A',0.2814441339178584,0.3807534575697236,warn:Ap_below+w1,463.96,-0.48257426496990224,A',0.9735,0.20882224257781262,"A""",0.8301,0.490266376495671,A',0.8067,0.5895757001475362,"A""",0.7991,3.9277766904645954,"A""",0.0006,3.931080418799643,A',0.001
cc-pvtz-dk,3.0,87,0.017020643017843694,-2679.7517679095113,-2680.352870229299,-2680.403036210847,0.16239015118780117,0.8149,A',0.24031886195011368,0.3145167595051873,warn:Ap_below+w1,465.06,-0.6649238770551554,A',0.9742,0.16239015118780117,"A""",0.8149,0.40270901313791485,A',0.7912,0.47690691069298846,"A""",0.7851,3.712905709394999,"A""",0.0005,3.713825503337417,A',0.0007
cc-pvtz-dk,3.1,87,0.018096594934228716,-2679.741300052271,-2680.34846468162,-2680.4026340581827,0.12889615182579972,0.8001,A',0.2059008590517206,0.26096581722015927,warn:Ap_below+w1,477.51,-0.8137591092357743,A',0.9747,0.12889615182579972,"A""",0.8001,0.33479701087752034,A',0.7766,0.389861969045959,"A""",0.7718,3.5382767391000884,A',0.0006,3.5388890782192455,"A""",0.0005
cc-pvtz-dk,3.2,87,0.019072948351050587,-2679.7317124426427,-2680.344789168744,-2680.4029292271416,0.10535813484159931,0.786,A',0.17713068079033467,0.2176858195037216,warn:Ap_below+w1,478.05,-0.935079855410771,A',0.9752,0.10535813484159931,"A""",0.786,0.282488815631934,A',0.7631,0.3230439543453209,"A""",0.7594,3.3963483885808072,A',0.0005,3.397923722092315,"A""",0.0005
cc-pvtz-dk,1.7,87,0.005766424746162504,-2679.910748461796,-2680.4488288519856,-2680.468153787864,3.603954000372448,0.9543,"A""",0.8803027447031169,3.800292578388723,ok,478.22,3.603954000372448,"A""",0.9543,4.484256745075565,A',0.9582,7.404246578761171,"A""",0.9433,7.975971632116496,"A""",0.9333,8.129025922422592,A',0.953,8.636097348122833,A',0.9398
cc-pvtz-dk,1.75,87,0.005934001709117678,-2679.9147842229,-2680.454172617458,-2680.4739232741663,3.33550220665898,0.9525,"A""",0.868091608607551,3.7596313337689824,ok,486.55,3.33550220665898,"A""",0.9525,4.203593815266531,A',0.9563,7.0951335404279625,"A""",0.9371,7.448228509912328,A',0.9547,7.712143412321276,"A""",0.9372,8.769794856756517,A',0.9368
cc-pvtz-dk,1.95,87,0.006779637699046197,-2679.9053631754573,-2680.4510896182005,-2680.4728570531784,2.2888041254343117,0.9426,"A""",0.7937138391252067,2.5348456959906507,ok,498.28,2.2888041254343117,"A""",0.9426,3.082517964559518,A',0.9454,4.823649821424962,"A""",0.9248,4.954374095249382,A',0.9597,7.987267551192503,"A""",0.9336,8.304731568443415,A',0.9286
cc-pvtz-dk,1.65,87,0.00561580189274033,-2679.90265368006,-2680.439549941496,-2680.4584727333145,3.856968360615401,0.9559,"A""",0.890632499275375,3.491758959395178,ok,504.2,3.856968360615401,"A""",0.9559,4.747600859890776,A',0.9596,7.348727320010579,"A""",0.9447,8.469416135098694,A',0.9434,8.62068789314056,"A""",0.9338,8.837344031029687,A',0.9504
cc-pvtz-dk,2.8,87,0.014670102223066693,-2679.775555995831,-2680.364340835523,-2680.4067194109025,0.27186872087414277,0.8454,A',0.33048737287708496,0.46254936820143705,warn:Ap_below+w1,507.75,-0.25985463081811955,A',0.9725,0.27186872087414277,"A""",0.8454,0.6023560937512278,A',0.8231,0.7344180890755799,"A""",0.8137,4.192940156782062,"A""",0.0006,4.199876790521611,A',0.0019
cc-pvtz-dk,2.05,87,0.0073242495354953596,-2679.8921829840356,-2680.4416661795817,-2680.464705103742,1.8443437934744085,0.9359,"A""",0.7373006104177061,2.0688796951304504,ok,519.53,1.8443437934744085,"A""",0.9359,2.5816444038921147,A',0.9379,3.913223488604859,"A""",0.9164,3.9183312637938585,A',0.961,7.420253648136164,A',0.9222,8.098263575347936,"A""",0.9302
cc-pvtz-dk,2.4,87,0.010091732227259051,-2679.834792143474,-2680.400380746923,-2680.4300797898245,0.7910836705455883,0.9019,"A""",0.3429908234163272,1.0243991281748184,ok,531.75,0.7910836705455883,"A""",0.9019,1.1340744939619154,A',0.944,1.4888734238411676,A',0.9136,1.8154827987204067,"A""",0.8735,5.4854391635020665,A',0.8909,6.0103084196393075,"A""",0.001
cc-pvtz-dk,1.9,87,0.006540153986051787,-2679.9104181290013,-2680.4544071946834,-2680.4756135866965,2.5347566258100396,0.9455,"A""",0.8167932942002576,2.806770184181134,ok,533.83,2.5347566258100396,"A""",0.9455,3.351549920010297,A',0.9487,5.341526809991174,"A""",0.9282,5.528426793498804,A',0.9587,7.918665838628515,"A""",0.935,8.802190965327485,A',0.9317
cc-pvtz-dk,2.55,87,0.01169477058168396,-2679.810882165052,-2680.3847200810383,-2680.418565398852,0.5332922119303841,0.8823,A',-0.013566114582205994,0.7591315723373134,warn:Ap_below+w1,547.3,0.5197260973481781,A',0.9657,0.5332922119303841,"A""",0.8823,1.0359537632087032,A',0.8695,1.2924237842676976,"A""",0.8513,5.049029867691406,A',0.8533,5.154478471712872,"A""",0.0008
cc-pvtz-dk,2.3,87,0.009153798445118952,-2679.8514874737434,-2680.412002847472,-2680.4393875940686,1.019697041714379,0.9134,"A""",0.5144160652982575,1.2513218158167878,ok,547.71,1.019697041714379,"A""",0.9134,1.5341131070126364,A',0.9259,1.979244746328053,A',0.9463,2.2710188575311667,"A""",0.8874,5.884310771174596,A',0.9015,6.732534375657461,"A""",0.0011
cc-pvtz-dk,2.5,87,0.011137714012641135,-2679.818656934818,-2680.3896676801714,-2680.422041672761,0.6091279356244326,0.8892,"A""",0.10791375681850368,0.8388158464079191,warn:w1,547.91,0.6091279356244326,"A""",0.8892,0.7170416924429363,A',0.9615,1.1617244568380836,A',0.8813,1.4479437820323517,"A""",0.8588,5.176613349724354,A',0.8756,5.41237096950756,"A""",0.0008
cc-pvtz-dk,2.35,87,0.009608330601142887,-2679.8430913837037,-2680.4060975356747,-2680.434594764644,0.899074846658322,0.9078,"A""",0.43903252921482677,1.1321540470993494,ok,551.68,0.899074846658322,"A""",0.9078,1.3381073758731488,A',0.9327,1.710586115170374,A',0.9323,2.0312288937576715,"A""",0.8806,5.672309331760721,A',0.8964,6.354795899863293,"A""",0.001
cc-pvtz-dk,1.8,87,0.006118463766836334,-2679.9156327246587,-2680.4564466567854,-2680.4766499137345,3.0627792229950415,0.9504,"A""",0.8536821023144305,3.4340423565966334,ok,551.84,3.0627792229950415,"A""",0.9504,3.9164613253094718,A',0.9541,6.496821579591675,"A""",0.9336,6.780221270638678,A',0.9562,7.76310515733336,"A""",0.9375,8.896655159811978,A',0.9338
cc-pvtz-dk,2.15,87,0.00796982049222853,-2679.8765774767,-2680.4301893900233,-2680.4547423814697,1.4668985887921067,0.928,"A""",0.665855541084295,1.690768598562082,ok,552.54,1.4668985887921067,"A""",0.928,2.132754129876402,A',0.9298,3.0314411796225014,A',0.9603,3.1576671873541886,"A""",0.906,6.6992372399655755,A',0.9148,8.082767712954501,"A""",0.0035
cc-pvtz-dk,1.55,87,0.005367375443582152,-2679.869630322119,-2680.404543157881,-2680.422723208804,4.257086363637717,0.958,"A""",0.9052519764899611,2.870023786242883,ok,559.27,4.257086363637717,"A""",0.958,5.162338340127678,A',0.9614,7.1271101498806,"A""",0.948,8.18494477174052,A',0.9483,10.004233798577884,"A""",0.9341,10.114585230061017,A',0.9476
cc-pvtz-dk,2.45,87,0.010602405166041743,-2679.8266356589634,-2680.394894313723,-2680.4258856710608,0.6947519259022642,0.8957,"A""",0.22944012435270175,0.9269470814139663,warn:w1,563.04,0.6947519259022642,"A""",0.8957,0.924192050254966,A',0.9545,1.3095616093210254,A',0.8957,1.6216990073162305,"A""",0.8662,5.321064539015371,A',0.8845,5.696908638186369,"A""",0.0009
cc-pvtz-dk,2.7,87,0.013458842894497948,-2679.7889446414833,-2680.371628225661,-2680.4103822800994,0.35596859590452734,0.8606,A',-0.34533583117352096,0.5633155428767136,warn:Ap_below+w1,573.58,0.010632764731006387,A',0.971,0.35596859590452734,"A""",0.8606,0.7450295445601736,A',0.8405,0.9192841387812409,"A""",0.8286,4.519647243966354,"A""",0.0007,4.531764297977029,A',0.0069
cc-pvtz-dk,1.85,87,0.006320217151095642,-2679.913991045077,-2680.456340806496,-2680.47702767171,2.7939746474591005,0.9481,"A""",0.8366954098826509,3.1071282547558603,ok,575.99,2.7939746474591005,"A""",0.9481,3.6306700573417516,A',0.9516,5.901102902214961,"A""",0.9311,6.138169133543893,A',0.9575,7.842309317918611,"A""",0.9364,9.004855046603696,A',0.9312
cc-pvtz-dk,2.1,87,0.00763360244783544,-2679.884583393204,-2680.436084173839,-2680.459846582204,1.647271136724326,0.9321,"A""",0.7036197442821227,1.8700051037521683,ok,590.28,1.647271136724326,"A""",0.9321,2.350890881006449,A',0.9338,3.456465978310728,A',0.961,3.517276240476494,"A""",0.9114,7.040155544914817,A',0.9186,8.141214361465364,"A""",0.9282
cc-pvtz-dk,2.6,87,0.012269873204282857,-2679.803330413194,-2680.380062433044,-2680.4154647238256,0.4663677128911961,0.8753,A',-0.13068020743072842,0.6871111535201225,warn:Ap_below+w1,590.41,0.33568750546046766,A',0.9682,0.4663677128911961,"A""",0.8753,0.926556771391696,A',0.8591,1.1534788664113187,"A""",0.8438,4.921083932819355,"A""",0.0007,4.921851670300201,A',0.4638
cc-pvtz-dk,1.5,87,0.005270923768256074,-2679.8415893541514,-2680.3757019420054,-2680.393538695132,4.37015094527122,0.9585,"A""",0.9075650201034913,2.6453790222461064,ok,650.0,4.37015094527122,"A""",0.9585,5.277715965374711,A',0.9616,7.015529967517327,"A""",0.9501,8.05034628755825,A',0.951,10.643636795403033,"A""",0.9351,10.653619961429424,A',0.9462
aug-cc-pvtz-dk,1.6,128,0.006208747925767324,-2679.892350527341,-2680.450063694863,-2680.4702977543793,3.95116662025328,0.9549,"A""",0.8568814080984875,2.2587027766322136,ok,1511.28,3.95116662025328,"A""",0.9549,4.8080480283517675,A',0.9586,6.209869396885494,"A""",0.9481,7.0841889601826376,A',0.952,7.616423198864206,"A""",0.9507,7.875667293855225,A',0.9532
aug-cc-pvtz-dk,1.55,128,0.006048813718466319,-2679.8726368482817,-2680.429769231778,-2680.449603732321,4.08548321031764,0.9555,"A""",0.8632974171449134,2.0209829905744696,ok,1563.5,4.08548321031764,"A""",0.9555,4.948780627462553,A',0.959,6.106466200892109,"A""",0.95,6.990724270052245,A',0.9535,7.438938929725314,"A""",0.9517,7.6833486324098015,A',0.9543
aug-cc-pvtz-dk,2.4,128,0.010874341643740335,-2679.837350663214,-2680.421087153956,-2680.452696459038,0.7948808148842219,0.9033,"A""",0.346497803853507,1.025901526951978,ok,1457.97,0.7948808148842219,"A""",0.9033,1.1413786187377288,A',0.935,1.4685100259495123,A',0.9255,1.8207823418362,"A""",0.8775,5.496060965774605,A',0.8911,6.13873395085281,"A""",0.002
aug-cc-pvtz-dk,1.5,128,0.0059030179201796235,-2679.8446775920006,-2680.401409334667,-2680.420865951614,4.146438642780069,0.9558,"A""",0.8656843856176191,1.8698880712867416,ok,2247.18,4.146438642780069,"A""",0.9558,5.0121230283976885,A',0.9591,6.01632671406681,"A""",0.9518,6.911536460516887,A',0.9549,7.239419730275072,"A""",0.9527,7.476599114232959,A',0.9552
aug-cc-pvtz-dk,3.1,128,0.018694708983050774,-2679.7446166989575,-2680.366713134475,-2680.4219890901268,0.13770654392061188,0.806,A',0.17473540969079457,0.2529234290111618,warn:Ap_below+w1,1752.44,-0.7970673500416224,A',0.9732,0.13770654392061188,"A""",0.806,0.3124419536114065,A',0.7893,0.3906299729317737,"A""",0.7824,3.6569606661378042,"A""",0.0009,3.6573969142105676,A',0.0011
aug-cc-pvtz-dk,3.2,128,0.019702184746590856,-2679.7352295014525,-2680.362817560197,-2680.4219842542975,0.11386482567295671,0.7923,A',0.14811851339901455,0.20873116265302333,warn:Ap_below+w1,1850.01,-0.9221111991719709,A',0.9737,0.11386482567295671,"A""",0.7923,0.26198333907197124,A',0.7762,0.32259598832598,"A""",0.7705,3.5130419784225833,A',0.001,3.513658937453645,"A""",0.0009
aug-cc-pvtz-dk,2.6,128,0.012955058909031418,-2679.8059737487583,-2680.399945218873,-2680.43704760476,0.47445593860876173,0.8782,A',-0.10520030972349989,0.6850382746256523,warn:Ap_below+w1,1889.78,0.36925562888526187,A',0.9659,0.47445593860876173,"A""",0.8782,0.8893081023656749,A',0.8676,1.159494213234414,"A""",0.8502,4.941984011555057,A',0.8527,5.050783680098924,"A""",0.0014
aug-cc-pvtz-dk,2.3,128,0.009982589508499555,-2679.8540430910216,-2680.4331250930127,-2680.462486866384,1.0197771480200948,0.9141,"A""",0.4865347064689969,1.2552025430778648,ok,1999.96,1.0197771480200948,"A""",0.9141,1.5063118544890917,A',0.9221,1.986243646297963,A',0.9517,2.2749796910979594,"A""",0.8901,5.897083225716579,A',0.901,6.856630005108044,"A""",0.0026
aug-cc-pvtz-dk,1.9,128,0.007427388736215577,-2679.913142460426,-2680.477410931472,-2680.500544196952,2.5056467665567532,0.9442,"A""",0.7674403110584364,2.8232611146025732,ok,2100.77,2.5056467665567532,"A""",0.9442,3.2730870776151897,A',0.9474,5.328907881159327,"A""",0.9261,5.531058439913572,A',0.9566,6.887902395456369,"A""",0.9362,7.654183939795982,A',0.9427
aug-cc-pvtz-dk,2.15,128,0.008850798107569113,-2679.8791703398297,-2680.451955933135,-2680.478524536363,1.4592237866547657,0.9278,"A""",0.6188275319207588,1.6991328885018513,ok,2081.62,1.4592237866547657,"A""",0.9278,2.0780513185755245,A',0.9295,3.0502552122977318,A',0.9597,3.1583566751566168,"A""",0.9068,6.711048738166979,A',0.9137,7.260631236011712,"A""",0.9251
aug-cc-pvtz-dk,2.9,128,0.016458910927038047,-2679.766146751512,-2680.3769167246137,-2680.4244434518237,0.21810334615126806,0.8351,A',0.24506069467173988,0.374826317941774,warn:Ap_below+w1,2020.95,-0.45789523374749663,A',0.9719,0.21810334615126806,"A""",0.8351,0.46316404082300794,A',0.818,0.592929664093042,"A""",0.8084,4.051045816216293,"A""",0.0011,4.05564721483848,A',0.0019
aug-cc-pvtz-dk,3.0,128,0.017606180445842674,-2679.7549030145888,-2680.3713724088966,-2680.422743033124,0.17147357636993096,0.8204,A',0.20671332676222204,0.3074907384588761,warn:Ap_below+w1,2026.74,-0.644283004805461,A',0.9727,0.17147357636993096,"A""",0.8204,0.378186903132153,A',0.8032,0.478964314828807,"A""",0.7951,3.8335113742348423,"A""",0.001,3.835596633117634,A',0.0013
aug-cc-pvtz-dk,2.8,128,0.015280480262978343,-2679.7783943023114,-2680.383464381731,-2680.4272859844427,0.2811679194753897,0.8498,A',0.29099945195639226,0.4577982303725495,warn:Ap_below+w1,2079.83,-0.23128837614984168,A',0.9709,0.2811679194753897,"A""",0.8498,0.572167371431782,A',0.8335,0.7389661498479393,"A""",0.8221,4.318826101460215,"A""",0.0011,4.327142726688541,A',0.0039
aug-cc-pvtz-dk,2.45,128,0.011360256691662157,-2679.829205170527,-2680.415393330058,-2680.448250660257,0.6999937961558852,0.8975,"A""",0.2462460905968702,0.9274278296085035,warn:w1,2099.0,0.6999937961558852,"A""",0.8975,0.9462398867527553,A',0.9474,1.2775748406473084,A',0.9064,1.6274216257643888,"A""",0.8709,5.330119610235864,A',0.8855,5.82639879270098,"A""",0.0018
aug-cc-pvtz-dk,2.7,128,0.0141017703058481,-2679.7916719114733,-2680.3911176302354,-2680.4314446282533,0.3649405113184206,0.8643,A',-0.3224361729795718,0.5598338442012079,warn:Ap_below+w1,2102.54,0.04250433833884881,A',0.9692,0.3649405113184206,"A""",0.8643,0.7112620154001754,A',0.8498,0.9247743555196284,"A""",0.8361,4.6478110057078865,"A""",0.0013,4.660120276965092,A',0.0314
aug-cc-pvtz-dk,1.8,128,0.006972948634147251,-2679.918419003768,-2680.4800025043014,-2680.5020604391484,3.0174970250688373,0.9489,"A""",0.8068931848642409,3.4233528817185275,ok,2199.35,3.0174970250688373,"A""",0.9489,3.824390209933078,A',0.9526,6.440849906787365,"A""",0.9324,6.724490906019296,"A""",0.9387,6.764231598128441,A',0.9536,7.4900929048102824,A',0.946
aug-cc-pvtz-dk,1.85,128,0.00719370143813239,-2679.916745963318,-2680.4796175592187,-2680.502196848561,2.7577927742881245,0.9467,"A""",0.7885302346347044,3.123035141040668,ok,2228.88,2.7577927742881245,"A""",0.9467,3.5463230089228293,A',0.9502,5.880827915328792,"A""",0.9286,6.1328588989439305,A',0.9552,6.794439177113489,"A""",0.9382,7.576913143590846,A',0.9444
aug-cc-pvtz-dk,2.35,128,0.010414685196041284,-2679.8456453795097,-2680.42701150988,-2680.4574562592657,0.901154235959939,0.9089,"A""",0.4254670976717224,1.1347862774867148,ok,2165.76,0.901154235959939,"A""",0.9089,1.3266213336316615,A',0.9255,1.7053851752792408,A',0.9419,2.035940513446654,"A""",0.884,5.684210061197705,A',0.8962,6.481478408376223,"A""",0.0022
aug-cc-pvtz-dk,2.2,128,0.009201384002211743,-2679.8708920244917,-2680.4456806187254,-2680.473108555747,1.2979109561902646,0.9235,"A""",0.5798462163742588,1.5358531045246395,ok,2205.46,1.2979109561902646,"A""",0.9235,1.8777571725645235,A',0.9258,2.660682538296884,A',0.9589,2.833764060714904,"A""",0.9016,6.407732381019732,A',0.9097,7.314785461490221,"A""",0.9226
aug-cc-pvtz-dk,2.5,128,0.011870709471305687,-2679.82124415073,-2680.409959681524,-2680.4441491632674,0.6155540784161381,0.8913,"A""",0.1313274412295508,0.8383695103700564,warn:w1,2183.11,0.6155540784161381,"A""",0.8913,0.7468815196456888,A',0.9569,1.1245448010175685,A',0.8902,1.4539235887861943,"A""",0.8641,5.184021796432671,A',0.8792,5.542366289283787,"A""",0.0016
aug-cc-pvtz-dk,1.95,128,0.007675426286193797,-2679.908057649584,-2680.4738272831014,-2680.497551722837,2.265402588269376,0.9415,"A""",0.7435097863426744,2.550087032818073,ok,2263.42,2.265402588269376,"A""",0.9415,3.0089123746120503,A',0.9444,4.815489621087449,"A""",0.9232,4.962994482459734,A',0.9577,6.976681968012666,"A""",0.9341,7.72140822426092,A',0.941
aug-cc-pvtz-dk,2.55,128,0.012403260507015608,-2679.813493960532,-2680.4048062605366,-2680.440411407699,0.540660245198776,0.8849,"A""",0.011969766558415829,0.7578382385878589,warn:w1,2206.7,0.540660245198776,"A""",0.8849,0.5526300117571918,A',0.9626,0.9977903506898699,A',0.8778,1.298498483786635,"A""",0.8572,5.055497709946644,A',0.8709,5.2845182182628925,"A""",0.0015
aug-cc-pvtz-dk,1.65,128,0.006381799394886842,-2679.905548822329,-2680.4640114746267,-2680.4846666704893,3.7598095836504153,0.9539,"A""",0.8476611123888035,2.5624417207828767,ok,2319.23,3.7598095836504153,"A""",0.9539,4.607470696039218,A',0.9577,6.3222513044332915,"A""",0.9462,7.186733773717878,A',0.9506,7.765877843596842,"A""",0.9496,8.053587535465999,A',0.952
aug-cc-pvtz-dk,2.25,128,0.00957828024723238,-2679.862484071511,-2680.4393723949584,-2680.4677298510032,1.1517165494656274,0.919,"A""",0.5364899596294381,1.3884148645590058,ok,2269.1,1.1517165494656274,"A""",0.919,1.6882065090950655,A',0.9229,2.305716195800872,A',0.9566,2.5401314140246334,"A""",0.896,6.137337455403788,A',0.9055,7.26581658203408,"A""",0.0063
aug-cc-pvtz-dk,2.05,128,0.008222147120829706,-2679.8948216732047,-2680.4638982923825,-2680.488937555487,1.8298248651864524,0.9352,"A""",0.6870052274221398,2.080712069923107,ok,2309.96,1.8298248651864524,"A""",0.9352,2.516830092608592,A',0.9373,3.910536935109559,"A""",0.916,3.9345958618366708,A',0.9594,7.132867059018082,"A""",0.9297,7.426465163495711,A',0.9208
aug-cc-pvtz-dk,2.1,128,0.00852510539625263,-2679.8871975374072,-2680.4580786899905,-2680.483852920545,1.6363703376830843,0.9316,"A""",0.6544202915956262,1.88007518467915,ok,2309.69,1.6363703376830843,"A""",0.9316,2.2907906292787104,A',0.9335,3.4746715906758663,A',0.9598,3.516445522362234,"A""",0.9116,7.049936169512561,A',0.9173,7.200136369269544,"A""",0.9274
aug-cc-pvtz-dk,1.75,128,0.006764222266236938,-2679.917603256515,-2680.4780149869207,-2680.4995803406973,3.2780884527890453,0.9508,"A""",0.8227201821671187,3.264457667542194,ok,2361.2,3.2780884527890453,"A""",0.9508,4.100808634956164,A',0.9546,6.54254612033124,"A""",0.9422,7.136751954671365,"A""",0.9323,7.386703177470158,A',0.9479,7.425788408889117,A',0.9513
aug-cc-pvtz-dk,2.0,128,0.007939556404773424,-2679.901853447145,-2680.469226050546,-2680.4935839561213,2.0396704169371134,0.9385,"A""",0.716698395913623,2.303271824765468,ok,2384.4,2.0396704169371134,"A""",0.9385,2.7563688128507366,A',0.941,4.342942241702581,"A""",0.9199,4.430634253537091,A',0.9587,7.058445582313259,"A""",0.9319,7.773324435726533,A',0.9382
aug-cc-pvtz-dk,1.7,128,0.006567134803517523,-2679.913603016187,-2680.472970026827,-2680.4940685324214,3.529913556682124,0.9525,"A""",0.8362483793212219,2.907005678801159,ok,2522.7,3.529913556682124,"A""",0.9525,4.366161936003346,A',0.9563,6.436919235483283,"A""",0.9443,7.291677213585243,A',0.9491,7.725488652964745,"A""",0.9383,7.992214471080114,"A""",0.9422
