cut,r_ocl,r_oh,angle,t1_s,e_ccsdt,omega,root0_sym,gap_any,gap_app,w1,conv,wall,note
oh,1.6891,0.75,102.96,0.007067031911109731,-536.7253721638699,3.523350044963247,"A""",1.0192388672239348,3.7095633797610614,0.9489649142241843,True,21.683929681777954,
oh,1.6891,0.8,102.96,0.007143268825283164,-536.761611098748,3.505534662975599,"A""",1.0207478079540013,3.7018474204896616,0.9487220702945632,True,24.3043270111084,
oh,1.6891,0.85,102.96,0.007241072521074282,-536.7837556887932,3.485691426866074,"A""",1.0232418047050056,3.692251164881591,0.9484471845228095,True,24.23893713951111,
oh,1.6891,0.9,102.96,0.007361749167618018,-536.7957967268051,3.4637245882875782,"A""",1.0266431132611735,3.6794624762467674,0.9481387531676367,True,24.347034215927124,
oh,1.6891,0.95,102.96,0.007507623030300709,-536.8005704853499,3.4394460833327622,"A""",1.0308073144772445,3.6595371915738886,0.9477923735924426,True,24.00364327430725,
oh,1.6891,0.9644,102.96,0.00755474935270269,-536.8009028937292,3.4319815772680826,"A""",1.032127367641751,3.6510327705814474,0.9476844346264354,True,25.03472900390625,
oh,1.6891,1.0,102.96,0.007681942860150624,-536.8001296760431,3.4125105732764354,"A""",1.0355908539127454,3.6179034051644376,0.94739884675354,True,25.605151891708374,
oh,1.6891,1.05,102.96,0.007888625423899055,-536.7959921031868,3.382330116770329,"A""",1.0408446979394108,3.4915944579620093,0.9469414908148853,True,20.99188804626465,
oh,1.6891,1.1,102.96,0.008132197456262157,-536.7892933151358,3.34796263013017,"A""",1.04629878777588,3.1923425523765703,0.9463910688703691,True,20.020930290222168,
oh,1.6891,1.15,102.96,0.008417835466954545,-536.7808846911554,3.307934623080751,"A""",1.0512950267701238,2.809054557568849,0.9456955011772531,True,22.11934185028076,
oh,1.6891,1.2,102.96,0.008751268802920856,-536.7714042042203,3.2599457303841017,"A""",1.0541962138443992,2.4193599338230776,0.9447592759548129,True,26.28307795524597,
oh,1.6891,1.25,102.96,0.009138545161720744,-536.7613302547096,3.2004131919202123,"A""",1.0509853032986494,2.055571803193281,0.9434043224867197,True,24.992785215377808,
bend,1.6891,0.9644,75.0,0.007941022635419405,-536.7752238705841,3.331539414305126,"A""",1.0450418244546822,3.787037952604142,0.9469077222282642,True,25.917174339294434,
bend,1.6891,0.9644,80.0,0.007801683403125411,-536.7840137100974,3.3841957166390197,"A""",1.0582384829390088,3.761588448456203,0.9471627331279542,True,24.989304542541504,
bend,1.6891,0.9644,85.0,0.007696216935110677,-536.7908350578273,3.4224930200539303,"A""",1.065345063044818,3.737575835017467,0.9473721755544816,True,25.45156478881836,
bend,1.6891,0.9644,90.0,0.007620270496682614,-536.7958083977045,3.4459779947346627,"A""",1.0659519310070948,3.7136602515299457,0.9475278462004207,True,27.197060108184814,
bend,1.6891,0.9644,95.0,0.007572709295845632,-536.7990476826807,3.453852314654925,"A""",1.0593784140966223,3.689506401297985,0.947628835308392,True,25.896122932434082,
bend,1.6891,0.9644,100.0,0.007553181289441201,-536.800665175301,3.445213498632583,"A""",1.0448287601971855,3.665275754091871,0.9476779484489652,True,23.202397346496582,
bend,1.6891,0.9644,102.96,0.007554749352701167,-536.8009028937297,3.43198157726821,"A""",1.0321273676413418,3.651032770581595,0.9476844346264379,True,24.495563745498657,
bend,1.6891,0.9644,105.0,0.00756151183453508,-536.8007693407399,3.4192580981987044,"A""",1.0215004578740345,3.641318579405491,0.9476798499478377,True,25.214701175689697,
bend,1.6891,0.9644,110.0,0.007597880005355695,-536.7994629283344,3.375440152027656,"A""",0.9886776643184325,3.618046139112341,0.9476399950439665,True,24.87532353401184,
bend,1.6891,0.9644,115.0,0.007663045952186881,-536.7968454250048,3.313595151307378,"A""",0.9458010327680035,3.595838219229399,0.9475639559680583,True,27.804534435272217,
bend,1.6891,0.9644,120.0,0.007759112657430448,-536.7930192391264,3.2340352907809384,"A""",0.8925177201309998,3.575026433112975,0.947457115284022,True,26.75071907043457,
bend,1.6891,0.9644,125.0,0.007888496306257804,-536.7880962887335,3.137615893138881,"A""",0.8287420836512298,3.5558982236956225,0.9473247758300214,True,26.106874704360962,
bend,1.6891,0.9644,130.0,0.00805331067690147,-536.7822030883215,3.0257748419296013,"A""",0.7547522926400106,3.538722671936706,0.9471723293048293,True,24.874865770339966,
bend,1.6891,0.9644,135.0,0.008255059025867996,-536.7754849054296,2.9005543456801,"A""",0.6713297196770992,3.5237796780381667,0.9470054610591717,True,24.316221952438354,
corner,1.6,0.85,85.0,0.007014448801714034,-536.763321516567,4.035886015352076,"A""",1.1052927035778206,4.266586163915411,0.951889563563664,True,22.161925792694092,
corner,1.6,0.85,120.0,0.006875266002409588,-536.7742693875308,3.9722355388001507,"A""",0.8805029117213593,4.209467824996989,0.9522956838874219,True,21.01007056236267,
corner,1.6,1.1,85.0,0.007798198012821621,-536.7702111203967,3.9141870624110626,"A""",0.987571446905073,2.38274398991595,0.9492739224249632,True,21.111743688583374,
corner,1.6,1.1,120.0,0.008067105797454392,-536.7785156046076,3.6428794409976715,"A""",0.9574380671035493,2.968273082391397,0.9487490960961027,True,26.01185131072998,
corner,1.85,0.85,85.0,0.008586108423445704,-536.7713378789654,2.432592795331866,"A""",1.041430410229377,2.693535265738059,0.9397126059028658,True,20.45933437347412,
corner,1.85,0.85,120.0,0.008577450164488744,-536.7650777288835,2.2626861450221996,"A""",0.7864615115377908,2.57289493199338,0.9392550949240603,True,20.854005813598633,
corner,1.85,1.1,85.0,0.009397592291196832,-536.7788699758607,2.395738838381341,"A""",1.0160651480123615,2.691007226748221,0.9386845103397584,True,24.916854858398438,
corner,1.85,1.1,120.0,0.009971549630316566,-536.7719943138139,2.1363328592843196,"A""",0.8705928802838632,2.579069235779808,0.9374609820668887,True,21.258170127868652,
